"","trt","date","deadm","deadf","lostm","lostf"
"1","1a-11","42541",0,0,0,0
"2","1a-14","42541",0,0,0,0
"3","1a-15","42541",0,0,0,0
"4","1a-16","42541",0,0,0,0
"5","1a-17","42541",0,0,0,0
"6","1a-18","42541",0,0,0,0
"7","1a-19","42541",0,0,0,0
"8","2b-11","42541",0,0,0,0
"9","2b-12","42541",0,0,0,0
"10","2b-13","42541",0,0,0,0
"11","2b-15","42541",0,0,0,0
"12","2b-17","42541",0,0,0,0
"13","2b-18","42541",0,0,0,0
"14","2b-19","42541",0,0,0,0
"15","3c-11","42541",0,0,0,0
"16","3c-12","42541",0,0,0,0
"17","3c-13","42541",0,0,0,0
"18","3c-14","42541",0,0,0,0
"19","3c-15","42541",0,0,0,0
"20","3c-16","42541",0,0,0,0
"21","3c-18","42541",0,0,0,0
"22","3c-19","42541",0,0,0,0
"23","4d-11","42541",0,0,0,0
"24","4d-12","42541",0,0,0,0
"25","4d-13","42541",0,0,0,0
"26","4d-14","42541",0,0,0,0
"27","4d-15","42541",0,0,0,0
"28","4d-16","42541",0,0,0,0
"29","4d-17","42541",0,0,0,0
"30","4d-18","42541",0,0,0,0
"31","4d-19","42541",0,0,0,0
"32","11c-11","42541",0,0,0,0
"33","11c-12","42541",0,0,0,0
"34","11c-13","42541",0,0,0,0
"35","11c-14","42541",0,0,0,0
"36","11c-15","42541",0,0,0,0
"37","11c-16","42541",0,0,0,0
"38","11c-17","42541",0,0,0,0
"39","11c-18","42541",0,0,0,0
"40","11c-19","42541",0,0,0,0
"41","13g-11","42541",0,0,0,0
"42","13g-12","42541",0,0,0,0
"43","13g-13","42541",0,0,0,0
"44","13g-14","42541",0,0,0,0
"45","13g-15","42541",0,0,0,0
"46","13g-16","42541",0,0,0,0
"47","13g-17","42541",0,0,0,0
"48","13g-18","42541",0,0,0,0
"49","13g-19","42541",0,0,0,0
"50","15h-11","42541",0,0,0,0
"51","15h-12","42541",0,0,0,0
"52","15h-13","42541",0,0,0,0
"53","15h-14","42541",0,0,0,0
"54","15h-15","42541",0,0,0,0
"55","15h-16","42541",0,0,0,0
"56","15h-17","42541",0,0,0,0
"57","15h-18","42541",0,0,0,0
"58","15h-19","42541",0,0,0,0
"59","16i-11","42541",0,0,0,0
"60","16i-12","42541",0,0,0,0
"61","16i-13","42541",0,0,0,0
"62","16i-15","42541",0,0,0,0
"63","16i-16","42541",0,0,0,0
"64","16i-17","42541",0,0,0,0
"65","16i-18","42541",0,0,0,0
"66","16i-19","42541",0,0,0,0
"67","28n-11","42541",0,0,0,0
"68","28n-12","42541",0,0,0,0
"69","28n-13","42541",0,0,0,0
"70","28n-14","42541",0,0,0,0
"71","28n-15","42541",0,0,0,0
"72","28n-16","42541",0,0,0,0
"73","28n-17","42541",0,0,0,0
"74","28n-18","42541",0,0,0,0
"75","28n-19","42541",0,0,0,0
"76","30p-11","42541",0,0,0,0
"77","30p-12","42541",0,0,0,0
"78","30p-13","42541",0,0,0,0
"79","30p-14","42541",0,0,0,0
"80","30p-15","42541",0,0,0,0
"81","30p-16","42541",0,0,0,0
"82","30p-17","42541",0,0,0,0
"83","30p-18","42541",0,0,0,0
"84","30p-19","42541",0,0,0,0
"85","35u-11","42541",0,0,0,0
"86","35u-12","42541",0,0,0,0
"87","35u-13","42541",0,0,0,0
"88","35u-15","42541",0,0,0,0
"89","35u-16","42541",0,0,0,0
"90","35u-17","42541",0,0,0,0
"91","35u-18","42541",0,0,0,0
"92","35u-19","42541",0,0,0,0
"93","70j-11","42541",0,0,0,0
"94","70j-12","42541",0,0,0,0
"95","70j-13","42541",0,0,0,0
"96","70j-14","42541",0,0,0,0
"97","70j-15","42541",0,0,0,0
"98","70j-16","42541",0,0,0,0
"99","70j-17","42541",0,0,0,0
"100","70j-19","42541",0,0,0,0
"101","71k-11","42541",0,0,0,0
"102","71k-12","42541",0,0,0,0
"103","71k-13","42541",0,0,0,0
"104","71k-14","42541",0,0,0,0
"105","71k-15","42541",0,0,0,0
"106","71k-16","42541",0,0,0,0
"107","71k-17","42541",0,0,0,0
"108","71k-18","42541",0,0,0,0
"109","71k-19","42541",0,0,0,0
"110","75o-12","42541",0,0,0,0
"111","75o-13","42541",0,0,0,0
"112","75o-14","42541",0,0,0,0
"113","75o-15","42541",0,0,0,0
"114","75o-16","42541",0,0,0,0
"115","75o-17","42541",0,0,0,0
"116","75o-18","42541",0,0,0,0
"117","75o-19","42541",0,0,0,0
"118","GDH-11","42541",0,0,0,0
"119","GDH-12","42541",0,0,0,0
"120","GDH-13","42541",0,0,0,0
"121","GDH-14","42541",0,0,0,0
"122","GDH-15","42541",0,0,0,0
"123","GDH-16","42541",0,0,0,0
"124","GDH-17","42541",0,0,0,0
"125","GDH-18","42541",0,0,0,0
"126","GDH-19","42541",0,0,0,0
"127","GNDH-11","42541",0,0,0,0
"128","GNDH-12","42541",0,0,0,0
"129","GNDH-13","42541",0,0,0,0
"130","GNDH-14","42541",0,0,0,0
"131","GNDH-15","42541",0,0,0,0
"132","GNDH-16","42541",0,0,0,0
"133","GNDH-17","42541",0,0,0,0
"134","GNDH-18","42541",0,0,0,0
"135","GNDH-19","42541",0,0,0,0
"136","SDR-11","42541",0,0,0,0
"137","SDR-12","42541",0,0,0,0
"138","SDR-13","42541",0,0,0,0
"139","SDR-14","42541",0,0,0,0
"140","SDR-15","42541",0,0,0,0
"141","SDR-16","42541",0,0,0,0
"142","SDR-17","42541",0,0,0,0
"143","SDR-18","42541",0,0,0,0
"144","SDR-19","42541",0,0,0,0
"145","PVEC-11","42541",0,0,0,0
"146","PVEC-12","42541",0,0,0,0
"147","PVEC-13","42541",0,0,0,0
"148","PVEC-14","42541",0,0,0,0
"149","PVEC-15","42541",0,0,0,0
"150","PVEC-16","42541",0,0,0,0
"151","PVEC-17","42541",0,0,0,0
"152","PVEC-18","42541",0,0,0,0
"153","PVEC-19","42541",0,0,0,0
"154","Lgno-12","42541",0,0,0,0
"155","Lgno-13","42541",0,0,0,0
"156","Lgno-14","42541",0,0,0,0
"157","Ax-13","42541",0,0,0,0
"158","Ax-14","42541",0,0,0,0
"159","Ax-16","42541",0,0,0,0
"160","Ax-18","42541",0,0,0,0
"161","Gno-11","42541",0,0,0,0
"162","Gno-12","42541",0,0,0,0
"163","Gno-13","42541",0,0,0,0
"164","Gno-14","42541",0,0,0,0
"165","Gno-15","42541",0,0,0,0
"166","Gno-16","42541",0,0,0,0
"167","Gno-17","42541",0,0,0,0
"168","Gno-18","42541",0,0,0,0
"169","Gno-19","42541",0,0,0,0
"170","7636-11","42541",0,0,0,0
"171","7636-12","42541",0,0,0,0
"172","7636-14","42541",0,0,0,0
"173","7636-15","42541",0,0,0,0
"174","7636-16","42541",0,0,0,0
"175","7636-17","42541",0,0,0,0
"176","7636-19","42541",0,0,0,0
"177","10862-11","42541",0,0,0,0
"178","10862-12","42541",0,0,0,0
"179","10862-13","42541",0,0,0,0
"180","10862-14","42541",0,0,0,0
"181","10862-15","42541",0,0,0,0
"182","10862-16","42541",0,0,0,0
"183","10862-17","42541",0,0,0,0
"184","10862-18","42541",0,0,0,0
"185","10862-19","42541",0,0,0,0
"186","1a-11","42542",0,0,0,0
"187","1a-14","42542",0,0,0,0
"188","1a-15","42542",0,0,0,0
"189","1a-16","42542",0,0,0,0
"190","1a-17","42542",0,0,0,0
"191","1a-18","42542",0,0,0,0
"192","1a-19","42542",0,0,0,0
"193","2b-11","42542",0,0,0,0
"194","2b-12","42542",0,0,0,0
"195","2b-13","42542",0,0,0,0
"196","2b-15","42542",0,0,0,0
"197","2b-17","42542",0,0,0,0
"198","2b-18","42542",0,0,0,0
"199","2b-19","42542",0,0,0,0
"200","3c-11","42542",0,0,0,0
"201","3c-12","42542",0,0,0,0
"202","3c-13","42542",0,0,0,0
"203","3c-14","42542",0,0,0,0
"204","3c-15","42542",0,0,0,0
"205","3c-16","42542",0,0,0,0
"206","3c-18","42542",0,0,0,0
"207","3c-19","42542",0,0,0,0
"208","4d-11","42542",0,0,0,0
"209","4d-12","42542",0,0,0,0
"210","4d-13","42542",0,0,0,0
"211","4d-14","42542",0,0,0,0
"212","4d-15","42542",0,0,0,0
"213","4d-16","42542",0,0,0,0
"214","4d-17","42542",0,0,0,0
"215","4d-18","42542",0,0,0,0
"216","4d-19","42542",0,0,0,0
"217","11c-11","42542",0,0,0,0
"218","11c-12","42542",0,1,0,0
"219","11c-13","42542",0,0,0,0
"220","11c-14","42542",0,0,0,0
"221","11c-15","42542",0,0,0,0
"222","11c-16","42542",0,0,0,0
"223","11c-17","42542",0,0,0,0
"224","11c-18","42542",0,0,0,0
"225","11c-19","42542",0,0,0,0
"226","13g-11","42542",0,0,0,0
"227","13g-12","42542",0,0,0,0
"228","13g-13","42542",2,2,0,0
"229","13g-14","42542",0,0,0,0
"230","13g-15","42542",0,0,0,0
"231","13g-16","42542",0,1,0,0
"232","13g-17","42542",0,0,0,0
"233","13g-18","42542",0,0,0,0
"234","13g-19","42542",0,0,0,0
"235","15h-11","42542",0,0,0,0
"236","15h-12","42542",0,1,0,0
"237","15h-13","42542",0,0,0,0
"238","15h-14","42542",0,0,0,0
"239","15h-15","42542",0,0,0,0
"240","15h-16","42542",0,1,0,0
"241","15h-17","42542",0,0,0,0
"242","15h-18","42542",0,0,0,0
"243","15h-19","42542",0,0,0,0
"244","16i-11","42542",0,0,0,0
"245","16i-12","42542",0,0,0,0
"246","16i-13","42542",0,0,0,0
"247","16i-15","42542",0,2,0,0
"248","16i-16","42542",0,2,0,0
"249","16i-17","42542",0,0,0,0
"250","16i-18","42542",0,0,0,0
"251","16i-19","42542",0,0,0,0
"252","28n-11","42542",0,0,0,0
"253","28n-12","42542",0,0,0,0
"254","28n-13","42542",0,0,0,0
"255","28n-14","42542",0,0,0,0
"256","28n-15","42542",0,0,0,0
"257","28n-16","42542",0,0,0,0
"258","28n-17","42542",0,0,0,0
"259","28n-18","42542",0,0,0,0
"260","28n-19","42542",0,0,0,0
"261","30p-11","42542",0,0,0,0
"262","30p-12","42542",0,0,0,0
"263","30p-13","42542",0,0,0,0
"264","30p-14","42542",0,0,0,0
"265","30p-15","42542",0,0,0,0
"266","30p-16","42542",0,0,0,0
"267","30p-17","42542",0,0,0,0
"268","30p-18","42542",0,0,0,0
"269","30p-19","42542",0,0,0,0
"270","35u-11","42542",0,0,0,0
"271","35u-12","42542",0,0,0,0
"272","35u-13","42542",0,0,0,0
"273","35u-15","42542",0,0,0,0
"274","35u-16","42542",0,0,0,0
"275","35u-17","42542",0,0,0,0
"276","35u-18","42542",0,0,0,0
"277","35u-19","42542",0,0,0,0
"278","70j-11","42542",0,0,0,0
"279","70j-12","42542",0,0,0,0
"280","70j-13","42542",0,0,0,0
"281","70j-14","42542",0,0,0,0
"282","70j-15","42542",0,0,0,0
"283","70j-16","42542",0,0,0,0
"284","70j-17","42542",0,0,0,0
"285","70j-19","42542",0,0,0,0
"286","71k-11","42542",0,0,0,0
"287","71k-12","42542",0,0,0,0
"288","71k-13","42542",0,1,0,0
"289","71k-14","42542",0,0,0,0
"290","71k-15","42542",0,0,0,0
"291","71k-16","42542",0,0,0,0
"292","71k-17","42542",0,0,0,0
"293","71k-18","42542",0,0,0,0
"294","71k-19","42542",0,0,0,0
"295","75o-12","42542",0,0,0,0
"296","75o-13","42542",0,0,0,0
"297","75o-14","42542",0,0,0,0
"298","75o-15","42542",0,0,0,0
"299","75o-16","42542",0,0,0,0
"300","75o-17","42542",0,0,0,0
"301","75o-18","42542",0,0,0,0
"302","75o-19","42542",0,0,0,0
"303","GDH-11","42542",0,9,0,0
"304","GDH-12","42542",0,4,0,0
"305","GDH-13","42542",0,3,0,0
"306","GDH-14","42542",0,0,0,0
"307","GDH-15","42542",0,0,0,0
"308","GDH-16","42542",0,0,0,0
"309","GDH-17","42542",0,0,0,0
"310","GDH-18","42542",0,0,0,0
"311","GDH-19","42542",0,0,0,0
"312","GNDH-11","42542",0,0,0,0
"313","GNDH-12","42542",0,3,0,0
"314","GNDH-13","42542",0,1,0,0
"315","GNDH-14","42542",0,0,0,0
"316","GNDH-15","42542",0,0,0,0
"317","GNDH-16","42542",0,4,0,0
"318","GNDH-17","42542",0,0,0,0
"319","GNDH-18","42542",0,0,0,0
"320","GNDH-19","42542",0,0,0,0
"321","SDR-11","42542",0,0,0,0
"322","SDR-12","42542",0,2,0,0
"323","SDR-13","42542",0,0,0,0
"324","SDR-14","42542",0,0,0,0
"325","SDR-15","42542",0,0,0,0
"326","SDR-16","42542",0,0,0,0
"327","SDR-17","42542",0,0,0,0
"328","SDR-18","42542",0,0,0,0
"329","SDR-19","42542",0,0,0,0
"330","PVEC-11","42542",0,1,0,0
"331","PVEC-12","42542",0,1,0,0
"332","PVEC-13","42542",0,0,0,0
"333","PVEC-14","42542",0,0,0,0
"334","PVEC-15","42542",0,1,0,0
"335","PVEC-16","42542",0,0,0,0
"336","PVEC-17","42542",0,0,0,0
"337","PVEC-18","42542",0,0,0,0
"338","PVEC-19","42542",0,0,0,0
"339","Lgno-12","42542",0,0,0,0
"340","Lgno-13","42542",0,1,0,0
"341","Lgno-14","42542",0,0,0,0
"342","Ax-13","42542",0,0,0,0
"343","Ax-14","42542",0,1,0,0
"344","Ax-16","42542",0,0,0,0
"345","Ax-18","42542",0,0,0,0
"346","Gno-11","42542",0,0,0,0
"347","Gno-12","42542",0,0,0,0
"348","Gno-13","42542",0,1,0,0
"349","Gno-14","42542",0,0,0,0
"350","Gno-15","42542",0,0,0,0
"351","Gno-16","42542",0,0,0,0
"352","Gno-17","42542",0,0,0,0
"353","Gno-18","42542",0,0,0,0
"354","Gno-19","42542",0,0,0,0
"355","7636-11","42542",0,0,0,0
"356","7636-12","42542",0,0,0,0
"357","7636-14","42542",0,0,0,0
"358","7636-15","42542",0,0,0,0
"359","7636-16","42542",0,0,0,0
"360","7636-17","42542",0,0,0,0
"361","7636-19","42542",0,0,0,0
"362","10862-11","42542",0,0,0,0
"363","10862-12","42542",0,1,0,0
"364","10862-13","42542",0,1,0,0
"365","10862-14","42542",0,0,0,0
"366","10862-15","42542",0,0,0,0
"367","10862-16","42542",0,0,0,0
"368","10862-17","42542",0,0,0,0
"369","10862-18","42542",0,0,0,0
"370","10862-19","42542",0,0,0,0
"371","1a-11","42544",0,1,0,0
"372","1a-14","42544",0,1,0,0
"373","1a-15","42544",1,1,0,0
"374","1a-16","42544",0,0,0,0
"375","1a-17","42544",0,0,0,0
"376","1a-18","42544",0,0,0,0
"377","1a-19","42544",0,0,0,0
"378","2b-11","42544",0,0,0,0
"379","2b-12","42544",0,0,0,0
"380","2b-13","42544",1,0,0,0
"381","2b-15","42544",0,0,0,0
"382","2b-17","42544",0,0,0,0
"383","2b-18","42544",0,0,0,0
"384","2b-19","42544",0,0,0,0
"385","3c-11","42544",0,1,0,0
"386","3c-12","42544",0,0,0,0
"387","3c-13","42544",0,0,0,0
"388","3c-14","42544",0,0,0,0
"389","3c-15","42544",0,0,0,0
"390","3c-16","42544",0,0,0,0
"391","3c-18","42544",0,0,0,0
"392","3c-19","42544",0,0,0,0
"393","4d-11","42544",0,0,0,0
"394","4d-12","42544",0,0,0,0
"395","4d-13","42544",0,1,0,0
"396","4d-14","42544",0,0,0,0
"397","4d-15","42544",0,0,0,0
"398","4d-16","42544",1,0,0,0
"399","4d-17","42544",0,0,0,0
"400","4d-18","42544",0,0,0,0
"401","4d-19","42544",0,0,0,0
"402","11c-11","42544",0,0,0,0
"403","11c-12","42544",0,0,0,0
"404","11c-13","42544",1,0,0,0
"405","11c-14","42544",1,0,0,0
"406","11c-15","42544",0,0,0,0
"407","11c-16","42544",0,0,0,0
"408","11c-17","42544",0,0,0,0
"409","11c-18","42544",0,0,0,0
"410","11c-19","42544",0,0,0,0
"411","13g-11","42544",0,1,0,0
"412","13g-12","42544",0,0,0,0
"413","13g-13","42544",0,0,0,0
"414","13g-14","42544",0,0,0,0
"415","13g-15","42544",0,0,0,0
"416","13g-16","42544",0,0,0,0
"417","13g-17","42544",0,0,0,0
"418","13g-18","42544",0,0,0,0
"419","13g-19","42544",0,0,0,0
"420","15h-11","42544",0,0,0,0
"421","15h-12","42544",0,0,0,0
"422","15h-13","42544",1,1,0,0
"423","15h-14","42544",0,1,0,0
"424","15h-15","42544",0,1,0,0
"425","15h-16","42544",0,0,0,0
"426","15h-17","42544",0,0,0,0
"427","15h-18","42544",0,0,0,0
"428","15h-19","42544",0,0,0,0
"429","16i-11","42544",0,2,0,0
"430","16i-12","42544",0,3,0,0
"431","16i-13","42544",1,0,0,0
"432","16i-15","42544",0,3,0,0
"433","16i-16","42544",1,0,0,0
"434","16i-17","42544",0,0,0,0
"435","16i-18","42544",0,0,0,0
"436","16i-19","42544",0,0,0,0
"437","28n-11","42544",0,0,0,0
"438","28n-12","42544",1,0,0,0
"439","28n-13","42544",0,0,0,0
"440","28n-14","42544",0,0,0,0
"441","28n-15","42544",0,0,0,0
"442","28n-16","42544",0,0,0,0
"443","28n-17","42544",0,0,0,0
"444","28n-18","42544",0,0,0,0
"445","28n-19","42544",0,0,0,0
"446","30p-11","42544",0,0,0,0
"447","30p-12","42544",0,0,0,0
"448","30p-13","42544",0,0,0,0
"449","30p-14","42544",0,0,0,0
"450","30p-15","42544",0,0,0,0
"451","30p-16","42544",0,0,0,0
"452","30p-17","42544",0,0,0,0
"453","30p-18","42544",0,0,0,0
"454","30p-19","42544",0,0,0,0
"455","35u-11","42544",0,0,0,0
"456","35u-12","42544",1,0,0,0
"457","35u-13","42544",0,0,0,0
"458","35u-15","42544",0,0,0,0
"459","35u-16","42544",0,1,0,0
"460","35u-17","42544",0,0,0,0
"461","35u-18","42544",0,0,0,0
"462","35u-19","42544",0,0,0,0
"463","70j-11","42544",0,0,0,0
"464","70j-12","42544",0,0,0,0
"465","70j-13","42544",0,0,0,0
"466","70j-14","42544",0,0,0,0
"467","70j-15","42544",0,0,0,0
"468","70j-16","42544",0,0,0,0
"469","70j-17","42544",0,0,0,0
"470","70j-19","42544",0,0,0,0
"471","71k-11","42544",0,0,0,0
"472","71k-12","42544",0,0,0,0
"473","71k-13","42544",0,0,0,0
"474","71k-14","42544",0,0,0,0
"475","71k-15","42544",0,0,0,0
"476","71k-16","42544",0,0,0,0
"477","71k-17","42544",0,0,0,0
"478","71k-18","42544",0,0,0,0
"479","71k-19","42544",0,0,0,0
"480","75o-12","42544",0,0,0,0
"481","75o-13","42544",0,0,0,0
"482","75o-14","42544",0,0,0,0
"483","75o-15","42544",0,0,0,0
"484","75o-16","42544",0,0,0,0
"485","75o-17","42544",0,0,0,0
"486","75o-18","42544",0,0,0,0
"487","75o-19","42544",0,0,0,0
"488","GDH-11","42544",0,0,0,0
"489","GDH-12","42544",0,0,0,0
"490","GDH-13","42544",0,0,0,0
"491","GDH-14","42544",0,0,0,0
"492","GDH-15","42544",1,4,0,0
"493","GDH-16","42544",1,1,0,0
"494","GDH-17","42544",0,0,0,0
"495","GDH-18","42544",0,0,0,0
"496","GDH-19","42544",0,0,0,0
"497","GNDH-11","42544",2,7,0,0
"498","GNDH-12","42544",0,1,0,0
"499","GNDH-13","42544",0,0,0,0
"500","GNDH-14","42544",0,4,0,0
"501","GNDH-15","42544",2,9,0,0
"502","GNDH-16","42544",0,0,0,0
"503","GNDH-17","42544",0,0,0,0
"504","GNDH-18","42544",0,0,0,0
"505","GNDH-19","42544",0,0,0,0
"506","SDR-11","42544",0,0,0,0
"507","SDR-12","42544",1,7,0,0
"508","SDR-13","42544",0,1,0,0
"509","SDR-14","42544",0,1,0,0
"510","SDR-15","42544",0,0,0,0
"511","SDR-16","42544",0,0,0,0
"512","SDR-17","42544",0,0,0,0
"513","SDR-18","42544",0,0,0,0
"514","SDR-19","42544",0,0,0,0
"515","PVEC-11","42544",1,9,0,0
"516","PVEC-12","42544",2,8,0,0
"517","PVEC-13","42544",0,0,0,0
"518","PVEC-14","42544",0,4,0,0
"519","PVEC-15","42544",1,5,0,0
"520","PVEC-16","42544",0,0,0,0
"521","PVEC-17","42544",0,0,0,0
"522","PVEC-18","42544",0,0,0,0
"523","PVEC-19","42544",0,0,0,0
"524","Lgno-12","42544",0,0,0,0
"525","Lgno-13","42544",0,0,0,0
"526","Lgno-14","42544",0,0,0,0
"527","Ax-13","42544",0,0,0,0
"528","Ax-14","42544",0,0,0,0
"529","Ax-16","42544",0,0,0,0
"530","Ax-18","42544",0,0,0,0
"531","Gno-11","42544",0,0,0,0
"532","Gno-12","42544",0,0,0,0
"533","Gno-13","42544",0,0,0,0
"534","Gno-14","42544",0,0,0,0
"535","Gno-15","42544",0,0,0,0
"536","Gno-16","42544",1,1,0,0
"537","Gno-17","42544",0,0,0,0
"538","Gno-18","42544",0,0,0,0
"539","Gno-19","42544",0,0,0,0
"540","7636-11","42544",1,0,0,0
"541","7636-12","42544",0,0,0,0
"542","7636-14","42544",0,1,0,0
"543","7636-15","42544",0,0,0,0
"544","7636-16","42544",0,0,0,0
"545","7636-17","42544",0,0,0,0
"546","7636-19","42544",0,0,0,0
"547","10862-11","42544",0,0,0,0
"548","10862-12","42544",1,2,0,0
"549","10862-13","42544",0,0,0,0
"550","10862-14","42544",1,0,0,0
"551","10862-15","42544",0,0,0,0
"552","10862-16","42544",0,0,0,0
"553","10862-17","42544",0,0,0,0
"554","10862-18","42544",0,0,0,0
"555","10862-19","42544",0,0,0,0
"556","1a-11","42545",0,0,0,0
"557","1a-14","42545",0,0,0,0
"558","1a-15","42545",1,0,0,0
"559","1a-16","42545",0,0,0,0
"560","1a-17","42545",0,0,0,0
"561","1a-18","42545",0,0,0,0
"562","1a-19","42545",0,0,0,0
"563","2b-11","42545",0,1,0,3
"564","2b-12","42545",0,0,0,0
"565","2b-13","42545",0,0,0,0
"566","2b-15","42545",0,0,0,0
"567","2b-17","42545",0,0,0,0
"568","2b-18","42545",0,0,0,0
"569","2b-19","42545",0,0,0,0
"570","3c-11","42545",0,0,0,0
"571","3c-12","42545",0,0,0,0
"572","3c-13","42545",0,0,0,2
"573","3c-14","42545",0,0,0,0
"574","3c-15","42545",0,0,0,0
"575","3c-16","42545",0,0,1,0
"576","3c-18","42545",0,0,0,0
"577","3c-19","42545",0,0,0,0
"578","4d-11","42545",0,0,0,0
"579","4d-12","42545",0,0,0,0
"580","4d-13","42545",0,0,0,0
"581","4d-14","42545",0,0,0,0
"582","4d-15","42545",0,0,0,0
"583","4d-16","42545",0,1,0,0
"584","4d-17","42545",0,0,1,1
"585","4d-18","42545",0,0,0,0
"586","4d-19","42545",0,0,0,0
"587","11c-11","42545",0,0,0,0
"588","11c-12","42545",0,0,0,0
"589","11c-13","42545",0,0,0,0
"590","11c-14","42545",0,2,0,0
"591","11c-15","42545",0,0,0,0
"592","11c-16","42545",0,0,0,0
"593","11c-17","42545",0,0,0,0
"594","11c-18","42545",0,0,0,0
"595","11c-19","42545",0,0,0,0
"596","13g-11","42545",0,0,0,0
"597","13g-12","42545",0,0,0,1
"598","13g-13","42545",0,0,0,0
"599","13g-14","42545",0,0,0,0
"600","13g-15","42545",0,0,0,0
"601","13g-16","42545",0,0,0,0
"602","13g-17","42545",1,0,0,1
"603","13g-18","42545",1,0,0,1
"604","13g-19","42545",0,0,0,0
"605","15h-11","42545",0,0,0,0
"606","15h-12","42545",0,0,0,0
"607","15h-13","42545",0,0,0,0
"608","15h-14","42545",0,0,0,0
"609","15h-15","42545",0,0,0,0
"610","15h-16","42545",0,0,0,1
"611","15h-17","42545",0,0,0,0
"612","15h-18","42545",0,0,0,0
"613","15h-19","42545",0,0,0,0
"614","16i-11","42545",0,0,1,4
"615","16i-12","42545",0,0,1,5
"616","16i-13","42545",0,5,0,0
"617","16i-15","42545",0,4,0,0
"618","16i-16","42545",0,0,0,4
"619","16i-17","42545",0,2,0,0
"620","16i-18","42545",1,1,0,0
"621","16i-19","42545",0,0,0,0
"622","28n-11","42545",0,0,0,0
"623","28n-12","42545",0,0,0,0
"624","28n-13","42545",0,0,0,0
"625","28n-14","42545",1,3,0,0
"626","28n-15","42545",0,0,0,0
"627","28n-16","42545",0,0,0,0
"628","28n-17","42545",0,2,2,0
"629","28n-18","42545",0,1,0,0
"630","28n-19","42545",0,1,0,0
"631","30p-11","42545",0,0,0,0
"632","30p-12","42545",0,2,0,0
"633","30p-13","42545",0,1,0,0
"634","30p-14","42545",0,0,0,0
"635","30p-15","42545",0,2,0,0
"636","30p-16","42545",0,2,0,0
"637","30p-17","42545",0,2,0,0
"638","30p-18","42545",1,0,0,0
"639","30p-19","42545",0,0,0,0
"640","35u-11","42545",1,0,0,1
"641","35u-12","42545",0,0,0,0
"642","35u-13","42545",0,0,0,0
"643","35u-15","42545",0,0,0,0
"644","35u-16","42545",0,0,2,3
"645","35u-17","42545",0,0,1,0
"646","35u-18","42545",0,0,1,0
"647","35u-19","42545",0,1,0,0
"648","70j-11","42545",2,5,0,0
"649","70j-12","42545",0,0,1,1
"650","70j-13","42545",0,0,0,1
"651","70j-14","42545",0,0,1,4
"652","70j-15","42545",0,1,1,1
"653","70j-16","42545",1,0,0,0
"654","70j-17","42545",0,0,0,0
"655","70j-19","42545",0,0,0,0
"656","71k-11","42545",0,0,2,5
"657","71k-12","42545",0,0,0,1
"658","71k-13","42545",0,0,0,1
"659","71k-14","42545",0,0,3,2
"660","71k-15","42545",0,0,0,0
"661","71k-16","42545",0,0,0,2
"662","71k-17","42545",0,0,2,1
"663","71k-18","42545",0,0,0,6
"664","71k-19","42545",0,0,0,3
"665","75o-12","42545",0,0,0,2
"666","75o-13","42545",0,1,0,0
"667","75o-14","42545",0,0,0,2
"668","75o-15","42545",0,0,0,3
"669","75o-16","42545",0,0,0,1
"670","75o-17","42545",0,0,0,0
"671","75o-18","42545",0,0,0,0
"672","75o-19","42545",0,0,0,0
"673","GDH-11","42545",0,0,0,0
"674","GDH-12","42545",0,0,0,0
"675","GDH-13","42545",0,0,0,0
"676","GDH-14","42545",0,0,0,0
"677","GDH-15","42545",0,0,0,0
"678","GDH-16","42545",0,0,0,0
"679","GDH-17","42545",0,0,0,0
"680","GDH-18","42545",0,0,0,0
"681","GDH-19","42545",0,0,0,0
"682","GNDH-11","42545",0,0,0,0
"683","GNDH-12","42545",0,0,0,0
"684","GNDH-13","42545",0,0,0,0
"685","GNDH-14","42545",0,0,0,0
"686","GNDH-15","42545",0,0,0,0
"687","GNDH-16","42545",0,1,0,0
"688","GNDH-17","42545",0,0,0,0
"689","GNDH-18","42545",0,0,0,0
"690","GNDH-19","42545",0,0,0,0
"691","SDR-11","42545",0,0,0,0
"692","SDR-12","42545",1,0,0,0
"693","SDR-13","42545",0,0,0,0
"694","SDR-14","42545",0,0,0,0
"695","SDR-15","42545",0,0,0,0
"696","SDR-16","42545",0,0,0,0
"697","SDR-17","42545",0,0,0,0
"698","SDR-18","42545",0,0,0,0
"699","SDR-19","42545",0,0,0,0
"700","PVEC-11","42545",0,0,0,0
"701","PVEC-12","42545",0,0,0,0
"702","PVEC-13","42545",0,0,0,0
"703","PVEC-14","42545",0,0,0,0
"704","PVEC-15","42545",0,0,0,0
"705","PVEC-16","42545",0,0,0,0
"706","PVEC-17","42545",0,0,0,0
"707","PVEC-18","42545",0,0,0,0
"708","PVEC-19","42545",0,0,0,0
"709","Lgno-12","42545",0,0,0,0
"710","Lgno-13","42545",0,0,0,2
"711","Lgno-14","42545",0,1,0,0
"712","Ax-13","42545",0,0,0,0
"713","Ax-14","42545",0,0,0,0
"714","Ax-16","42545",1,0,0,0
"715","Ax-18","42545",0,0,0,0
"716","Gno-11","42545",0,0,0,0
"717","Gno-12","42545",0,0,0,0
"718","Gno-13","42545",0,1,0,0
"719","Gno-14","42545",0,0,0,0
"720","Gno-15","42545",0,0,0,1
"721","Gno-16","42545",0,0,0,0
"722","Gno-17","42545",0,0,0,0
"723","Gno-18","42545",0,0,0,5
"724","Gno-19","42545",0,0,0,0
"725","7636-11","42545",0,0,0,0
"726","7636-12","42545",0,0,0,0
"727","7636-14","42545",0,0,0,0
"728","7636-15","42545",0,0,0,0
"729","7636-16","42545",0,0,0,0
"730","7636-17","42545",0,0,0,1
"731","7636-19","42545",0,0,0,0
"732","10862-11","42545",0,0,1,0
"733","10862-12","42545",0,0,0,0
"734","10862-13","42545",0,0,0,0
"735","10862-14","42545",0,0,0,0
"736","10862-15","42545",0,0,0,0
"737","10862-16","42545",0,0,0,0
"738","10862-17","42545",0,0,0,0
"739","10862-18","42545",0,0,0,1
"740","10862-19","42545",0,0,0,0
"741","1a-11","42548",1,0,0,0
"742","1a-14","42548",0,1,0,0
"743","1a-15","42548",0,1,0,0
"744","1a-16","42548",0,0,0,0
"745","1a-17","42548",1,0,0,0
"746","1a-18","42548",0,0,0,0
"747","1a-19","42548",0,0,0,0
"748","2b-11","42548",1,0,0,0
"749","2b-12","42548",0,0,0,0
"750","2b-13","42548",0,0,0,0
"751","2b-15","42548",0,0,0,0
"752","2b-17","42548",0,0,0,0
"753","2b-18","42548",0,0,0,0
"754","2b-19","42548",0,0,0,0
"755","3c-11","42548",0,0,0,0
"756","3c-12","42548",0,0,0,0
"757","3c-13","42548",0,0,0,0
"758","3c-14","42548",0,0,0,0
"759","3c-15","42548",0,0,0,0
"760","3c-16","42548",1,0,0,0
"761","3c-18","42548",0,0,0,0
"762","3c-19","42548",0,0,0,0
"763","4d-11","42548",0,0,0,0
"764","4d-12","42548",0,0,0,0
"765","4d-13","42548",0,0,0,0
"766","4d-14","42548",0,1,0,0
"767","4d-15","42548",1,0,0,0
"768","4d-16","42548",1,0,0,0
"769","4d-17","42548",0,0,0,0
"770","4d-18","42548",0,1,0,0
"771","4d-19","42548",0,1,0,0
"772","11c-11","42548",0,0,0,0
"773","11c-12","42548",0,0,0,0
"774","11c-13","42548",0,0,0,0
"775","11c-14","42548",0,0,0,0
"776","11c-15","42548",0,0,0,0
"777","11c-16","42548",0,1,0,0
"778","11c-17","42548",0,0,0,0
"779","11c-18","42548",0,0,0,0
"780","11c-19","42548",0,0,0,0
"781","13g-11","42548",0,0,0,0
"782","13g-12","42548",0,0,0,0
"783","13g-13","42548",0,0,0,0
"784","13g-14","42548",0,0,0,0
"785","13g-15","42548",0,0,0,0
"786","13g-16","42548",0,0,0,0
"787","13g-17","42548",0,0,0,0
"788","13g-18","42548",0,0,0,0
"789","13g-19","42548",0,0,0,0
"790","15h-11","42548",0,0,0,0
"791","15h-12","42548",0,0,0,0
"792","15h-13","42548",0,0,1,0
"793","15h-14","42548",0,0,0,0
"794","15h-15","42548",0,0,0,0
"795","15h-16","42548",0,0,0,0
"796","15h-17","42548",0,0,0,0
"797","15h-18","42548",0,0,0,0
"798","15h-19","42548",0,0,0,0
"799","16i-11","42548",0,3,0,0
"800","16i-12","42548",0,2,0,0
"801","16i-13","42548",1,1,0,1
"802","16i-15","42548",0,1,0,0
"803","16i-16","42548",0,1,0,0
"804","16i-17","42548",0,2,0,0
"805","16i-18","42548",0,0,0,0
"806","16i-19","42548",1,0,0,0
"807","28n-11","42548",0,0,0,0
"808","28n-12","42548",0,0,0,0
"809","28n-13","42548",0,0,0,0
"810","28n-14","42548",0,0,0,0
"811","28n-15","42548",1,0,0,0
"812","28n-16","42548",0,0,0,0
"813","28n-17","42548",0,0,0,0
"814","28n-18","42548",0,0,0,0
"815","28n-19","42548",0,0,0,0
"816","30p-11","42548",1,1,0,0
"817","30p-12","42548",0,1,2,0
"818","30p-13","42548",0,0,0,0
"819","30p-14","42548",0,0,0,0
"820","30p-15","42548",0,1,0,0
"821","30p-16","42548",0,0,0,0
"822","30p-17","42548",0,0,0,0
"823","30p-18","42548",0,0,0,0
"824","30p-19","42548",0,0,0,0
"825","35u-11","42548",1,0,0,0
"826","35u-12","42548",0,0,0,0
"827","35u-13","42548",0,0,0,0
"828","35u-15","42548",0,0,0,0
"829","35u-16","42548",0,0,0,0
"830","35u-17","42548",0,0,0,0
"831","35u-18","42548",0,0,0,0
"832","35u-19","42548",0,0,0,0
"833","70j-11","42548",0,0,0,0
"834","70j-12","42548",0,0,0,0
"835","70j-13","42548",0,0,0,0
"836","70j-14","42548",0,1,0,0
"837","70j-15","42548",0,0,0,0
"838","70j-16","42548",0,0,0,0
"839","70j-17","42548",0,0,0,0
"840","70j-19","42548",0,0,0,0
"841","71k-11","42548",1,0,0,0
"842","71k-12","42548",0,0,0,0
"843","71k-13","42548",0,0,0,0
"844","71k-14","42548",0,0,0,0
"845","71k-15","42548",0,0,0,0
"846","71k-16","42548",0,0,0,0
"847","71k-17","42548",0,0,0,0
"848","71k-18","42548",0,0,0,0
"849","71k-19","42548",0,0,0,0
"850","75o-12","42548",0,0,0,0
"851","75o-13","42548",0,0,0,0
"852","75o-14","42548",0,0,0,0
"853","75o-15","42548",0,0,0,0
"854","75o-16","42548",0,0,0,0
"855","75o-17","42548",0,0,0,0
"856","75o-18","42548",0,0,0,0
"857","75o-19","42548",0,0,0,0
"858","GDH-11","42548",0,0,0,0
"859","GDH-12","42548",0,0,0,0
"860","GDH-13","42548",0,0,0,0
"861","GDH-14","42548",0,0,0,0
"862","GDH-15","42548",1,0,0,0
"863","GDH-16","42548",0,0,0,0
"864","GDH-17","42548",0,0,0,0
"865","GDH-18","42548",0,0,0,0
"866","GDH-19","42548",0,0,0,0
"867","GNDH-11","42548",0,0,0,0
"868","GNDH-12","42548",0,1,1,0
"869","GNDH-13","42548",0,0,0,0
"870","GNDH-14","42548",0,0,0,0
"871","GNDH-15","42548",0,0,0,0
"872","GNDH-16","42548",1,0,0,0
"873","GNDH-17","42548",0,0,0,0
"874","GNDH-18","42548",0,0,0,0
"875","GNDH-19","42548",0,0,0,0
"876","SDR-11","42548",0,0,0,0
"877","SDR-12","42548",0,0,0,0
"878","SDR-13","42548",0,0,0,0
"879","SDR-14","42548",0,0,0,0
"880","SDR-15","42548",0,0,0,0
"881","SDR-16","42548",0,0,0,0
"882","SDR-17","42548",0,0,0,0
"883","SDR-18","42548",0,0,0,0
"884","SDR-19","42548",0,0,0,0
"885","PVEC-11","42548",0,0,0,0
"886","PVEC-12","42548",0,0,0,0
"887","PVEC-13","42548",0,0,0,0
"888","PVEC-14","42548",0,0,0,0
"889","PVEC-15","42548",0,1,0,0
"890","PVEC-16","42548",0,0,0,0
"891","PVEC-17","42548",0,0,0,0
"892","PVEC-18","42548",0,0,0,0
"893","PVEC-19","42548",1,0,0,0
"894","Lgno-12","42548",0,0,0,0
"895","Lgno-13","42548",0,0,0,0
"896","Lgno-14","42548",0,0,0,0
"897","Ax-13","42548",0,0,0,0
"898","Ax-14","42548",0,0,0,0
"899","Ax-16","42548",0,0,0,0
"900","Ax-18","42548",0,0,0,0
"901","Gno-11","42548",0,0,0,0
"902","Gno-12","42548",0,0,0,0
"903","Gno-13","42548",0,0,0,0
"904","Gno-14","42548",1,0,0,0
"905","Gno-15","42548",0,0,0,0
"906","Gno-16","42548",0,0,0,0
"907","Gno-17","42548",0,0,0,0
"908","Gno-18","42548",0,0,0,0
"909","Gno-19","42548",0,0,0,0
"910","7636-11","42548",0,0,0,0
"911","7636-12","42548",0,1,0,0
"912","7636-14","42548",0,0,0,0
"913","7636-15","42548",0,0,0,0
"914","7636-16","42548",1,0,0,0
"915","7636-17","42548",0,0,0,0
"916","7636-19","42548",0,0,0,0
"917","10862-11","42548",0,0,0,0
"918","10862-12","42548",0,0,0,0
"919","10862-13","42548",0,0,0,0
"920","10862-14","42548",0,0,0,0
"921","10862-15","42548",0,0,0,0
"922","10862-16","42548",0,0,0,0
"923","10862-17","42548",0,0,0,0
"924","10862-18","42548",0,0,1,0
"925","10862-19","42548",0,0,0,0
"926","1a-11","42549",1,3,0,0
"927","1a-14","42549",0,1,0,0
"928","1a-15","42549",0,0,0,0
"929","1a-16","42549",2,4,0,0
"930","1a-17","42549",0,0,0,0
"931","1a-18","42549",0,2,4,0
"932","1a-19","42549",2,3,0,0
"933","2b-11","42549",0,2,0,0
"934","2b-12","42549",0,3,0,0
"935","2b-13","42549",0,1,0,0
"936","2b-15","42549",0,1,0,0
"937","2b-17","42549",0,0,0,0
"938","2b-18","42549",0,1,1,0
"939","2b-19","42549",0,2,0,0
"940","3c-11","42549",1,2,0,0
"941","3c-12","42549",2,6,1,0
"942","3c-13","42549",2,12,0,0
"943","3c-14","42549",7,17,0,0
"944","3c-15","42549",0,1,0,0
"945","3c-16","42549",2,9,0,3
"946","3c-18","42549",3,4,0,0
"947","3c-19","42549",5,9,0,0
"948","4d-11","42549",7,13,0,0
"949","4d-12","42549",6,13,0,0
"950","4d-13","42549",4,10,0,0
"951","4d-14","42549",4,7,0,0
"952","4d-15","42549",2,8,1,0
"953","4d-16","42549",1,0,0,0
"954","4d-17","42549",2,3,0,0
"955","4d-18","42549",0,2,0,0
"956","4d-19","42549",0,1,0,0
"957","11c-11","42549",0,1,0,0
"958","11c-12","42549",0,2,0,0
"959","11c-13","42549",0,1,0,0
"960","11c-14","42549",0,0,0,0
"961","11c-15","42549",0,0,0,0
"962","11c-16","42549",0,0,0,1
"963","11c-17","42549",0,1,0,0
"964","11c-18","42549",1,0,0,0
"965","11c-19","42549",1,0,0,0
"966","13g-11","42549",0,0,0,0
"967","13g-12","42549",0,0,0,0
"968","13g-13","42549",1,2,1,1
"969","13g-14","42549",1,1,0,0
"970","13g-15","42549",0,0,0,0
"971","13g-16","42549",0,0,0,0
"972","13g-17","42549",1,0,0,0
"973","13g-18","42549",0,0,0,0
"974","13g-19","42549",0,1,0,0
"975","15h-11","42549",1,0,0,0
"976","15h-12","42549",0,1,0,0
"977","15h-13","42549",0,0,0,0
"978","15h-14","42549",0,0,0,0
"979","15h-15","42549",0,1,0,0
"980","15h-16","42549",0,0,0,0
"981","15h-17","42549",0,0,0,0
"982","15h-18","42549",0,0,0,0
"983","15h-19","42549",0,0,0,0
"984","16i-11","42549",1,3,0,1
"985","16i-12","42549",0,0,0,0
"986","16i-13","42549",1,2,0,0
"987","16i-15","42549",1,5,0,0
"988","16i-16","42549",0,11,0,0
"989","16i-17","42549",2,4,0,0
"990","16i-18","42549",0,0,1,0
"991","16i-19","42549",0,1,0,0
"992","28n-11","42549",0,0,0,0
"993","28n-12","42549",0,0,0,0
"994","28n-13","42549",0,0,0,0
"995","28n-14","42549",1,0,0,0
"996","28n-15","42549",1,1,0,0
"997","28n-16","42549",0,0,0,0
"998","28n-17","42549",0,0,0,0
"999","28n-18","42549",1,6,0,0
"1000","28n-19","42549",1,0,0,0
"1001","30p-11","42549",2,2,0,0
"1002","30p-12","42549",1,3,0,0
"1003","30p-13","42549",2,1,0,0
"1004","30p-14","42549",1,2,0,0
"1005","30p-15","42549",0,1,0,0
"1006","30p-16","42549",1,0,0,0
"1007","30p-17","42549",NA,NA,0,0
"1008","30p-18","42549",0,0,0,0
"1009","30p-19","42549",1,4,0,0
"1010","35u-11","42549",0,1,0,0
"1011","35u-12","42549",0,0,0,0
"1012","35u-13","42549",0,0,0,0
"1013","35u-15","42549",0,0,0,0
"1014","35u-16","42549",0,1,0,0
"1015","35u-17","42549",0,2,0,0
"1016","35u-18","42549",0,0,0,0
"1017","35u-19","42549",0,0,0,0
"1018","70j-11","42549",0,0,0,0
"1019","70j-12","42549",0,0,0,0
"1020","70j-13","42549",1,0,0,0
"1021","70j-14","42549",4,0,0,0
"1022","70j-15","42549",0,0,0,0
"1023","70j-16","42549",0,0,0,0
"1024","70j-17","42549",0,0,0,0
"1025","70j-19","42549",0,1,3,0
"1026","71k-11","42549",2,0,0,0
"1027","71k-12","42549",3,8,0,0
"1028","71k-13","42549",0,0,0,0
"1029","71k-14","42549",3,3,0,0
"1030","71k-15","42549",1,1,0,0
"1031","71k-16","42549",2,10,0,0
"1032","71k-17","42549",7,17,0,0
"1033","71k-18","42549",6,9,0,0
"1034","71k-19","42549",2,3,0,0
"1035","75o-12","42549",1,0,0,0
"1036","75o-13","42549",0,3,0,0
"1037","75o-14","42549",2,3,0,0
"1038","75o-15","42549",0,0,0,0
"1039","75o-16","42549",1,1,0,0
"1040","75o-17","42549",0,0,1,0
"1041","75o-18","42549",1,1,0,0
"1042","75o-19","42549",0,0,0,0
"1043","GDH-11","42549",1,2,0,0
"1044","GDH-12","42549",0,7,0,0
"1045","GDH-13","42549",3,6,0,0
"1046","GDH-14","42549",0,0,0,0
"1047","GDH-15","42549",1,1,0,0
"1048","GDH-16","42549",0,4,0,0
"1049","GDH-17","42549",0,2,0,0
"1050","GDH-18","42549",11,17,0,0
"1051","GDH-19","42549",1,19,0,0
"1052","GNDH-11","42549",1,6,0,0
"1053","GNDH-12","42549",6,18,0,0
"1054","GNDH-13","42549",2,8,0,0
"1055","GNDH-14","42549",4,8,0,0
"1056","GNDH-15","42549",0,1,0,0
"1057","GNDH-16","42549",0,1,0,0
"1058","GNDH-17","42549",0,0,0,0
"1059","GNDH-18","42549",1,0,0,0
"1060","GNDH-19","42549",0,1,0,0
"1061","SDR-11","42549",0,0,0,0
"1062","SDR-12","42549",0,0,0,0
"1063","SDR-13","42549",0,0,0,0
"1064","SDR-14","42549",0,0,0,0
"1065","SDR-15","42549",0,0,0,0
"1066","SDR-16","42549",0,3,0,0
"1067","SDR-17","42549",0,1,0,0
"1068","SDR-18","42549",0,0,0,0
"1069","SDR-19","42549",0,0,0,0
"1070","PVEC-11","42549",0,0,0,0
"1071","PVEC-12","42549",0,0,0,0
"1072","PVEC-13","42549",0,3,0,0
"1073","PVEC-14","42549",0,0,0,0
"1074","PVEC-15","42549",0,0,0,0
"1075","PVEC-16","42549",0,1,0,0
"1076","PVEC-17","42549",1,3,0,0
"1077","PVEC-18","42549",0,0,0,0
"1078","PVEC-19","42549",0,0,0,0
"1079","Lgno-12","42549",0,0,0,0
"1080","Lgno-13","42549",0,0,0,0
"1081","Lgno-14","42549",0,0,0,0
"1082","Ax-13","42549",0,1,0,0
"1083","Ax-14","42549",0,0,0,0
"1084","Ax-16","42549",0,0,0,0
"1085","Ax-18","42549",0,0,0,0
"1086","Gno-11","42549",1,1,0,0
"1087","Gno-12","42549",0,0,0,0
"1088","Gno-13","42549",0,0,0,0
"1089","Gno-14","42549",0,3,0,0
"1090","Gno-15","42549",0,0,0,0
"1091","Gno-16","42549",2,0,0,0
"1092","Gno-17","42549",0,0,0,0
"1093","Gno-18","42549",0,0,0,0
"1094","Gno-19","42549",0,0,0,0
"1095","7636-11","42549",0,1,0,0
"1096","7636-12","42549",1,1,0,0
"1097","7636-14","42549",0,0,0,0
"1098","7636-15","42549",0,1,0,0
"1099","7636-16","42549",1,0,0,0
"1100","7636-17","42549",0,0,0,0
"1101","7636-19","42549",0,0,0,0
"1102","10862-11","42549",0,1,0,0
"1103","10862-12","42549",0,1,0,0
"1104","10862-13","42549",1,3,0,0
"1105","10862-14","42549",1,2,0,0
"1106","10862-15","42549",0,0,0,0
"1107","10862-16","42549",0,1,0,0
"1108","10862-17","42549",0,0,0,0
"1109","10862-18","42549",0,0,0,0
"1110","10862-19","42549",0,0,0,0
"1111","1a-11","42551",1,1,0,0
"1112","1a-14","42551",0,0,0,0
"1113","1a-15","42551",0,0,0,0
"1114","1a-16","42551",2,5,0,0
"1115","1a-17","42551",0,0,0,0
"1116","1a-18","42551",1,1,0,0
"1117","1a-19","42551",1,2,0,0
"1118","2b-11","42551",0,0,0,0
"1119","2b-12","42551",0,0,0,0
"1120","2b-13","42551",0,0,0,0
"1121","2b-15","42551",1,0,0,0
"1122","2b-17","42551",0,1,0,0
"1123","2b-18","42551",0,4,0,0
"1124","2b-19","42551",0,1,0,0
"1125","3c-11","42551",0,1,0,0
"1126","3c-12","42551",0,5,0,0
"1127","3c-13","42551",0,2,0,0
"1128","3c-14","42551",2,5,0,0
"1129","3c-15","42551",2,5,0,0
"1130","3c-16","42551",6,15,0,0
"1131","3c-18","42551",0,4,0,0
"1132","3c-19","42551",4,8,0,0
"1133","4d-11","42551",2,4,0,0
"1134","4d-12","42551",0,4,0,0
"1135","4d-13","42551",3,5,0,0
"1136","4d-14","42551",1,5,0,0
"1137","4d-15","42551",2,6,0,0
"1138","4d-16","42551",1,2,0,0
"1139","4d-17","42551",0,9,0,0
"1140","4d-18","42551",1,2,0,0
"1141","4d-19","42551",0,0,0,0
"1142","11c-11","42551",0,0,0,0
"1143","11c-12","42551",0,0,0,0
"1144","11c-13","42551",1,0,0,0
"1145","11c-14","42551",0,0,0,0
"1146","11c-15","42551",0,0,0,0
"1147","11c-16","42551",1,1,0,0
"1148","11c-17","42551",0,0,0,0
"1149","11c-18","42551",2,2,0,0
"1150","11c-19","42551",0,0,0,0
"1151","13g-11","42551",0,1,0,0
"1152","13g-12","42551",0,1,0,0
"1153","13g-13","42551",1,1,0,0
"1154","13g-14","42551",1,0,0,0
"1155","13g-15","42551",0,0,0,0
"1156","13g-16","42551",0,0,0,0
"1157","13g-17","42551",0,0,0,0
"1158","13g-18","42551",3,6,0,0
"1159","13g-19","42551",1,1,0,0
"1160","15h-11","42551",0,4,0,1
"1161","15h-12","42551",0,5,0,0
"1162","15h-13","42551",3,3,0,0
"1163","15h-14","42551",1,2,0,0
"1164","15h-15","42551",0,0,0,0
"1165","15h-16","42551",1,1,0,0
"1166","15h-17","42551",2,0,0,0
"1167","15h-18","42551",0,0,0,0
"1168","15h-19","42551",0,1,0,0
"1169","16i-11","42551",0,6,0,0
"1170","16i-12","42551",0,1,0,0
"1171","16i-13","42551",0,0,0,0
"1172","16i-15","42551",0,4,0,0
"1173","16i-16","42551",0,6,0,0
"1174","16i-17","42551",3,5,0,0
"1175","16i-18","42551",3,7,0,0
"1176","16i-19","42551",0,2,0,0
"1177","28n-11","42551",1,0,0,0
"1178","28n-12","42551",0,0,0,0
"1179","28n-13","42551",0,0,0,0
"1180","28n-14","42551",0,3,0,0
"1181","28n-15","42551",0,1,0,0
"1182","28n-16","42551",0,0,0,0
"1183","28n-17","42551",0,0,0,0
"1184","28n-18","42551",0,2,0,0
"1185","28n-19","42551",0,0,0,0
"1186","30p-11","42551",0,0,0,0
"1187","30p-12","42551",0,3,0,0
"1188","30p-13","42551",1,3,0,0
"1189","30p-14","42551",0,2,0,0
"1190","30p-15","42551",0,2,0,0
"1191","30p-16","42551",1,1,0,0
"1192","30p-17","42551",0,2,0,0
"1193","30p-18","42551",0,1,0,0
"1194","30p-19","42551",0,1,0,0
"1195","35u-11","42551",0,2,0,0
"1196","35u-12","42551",1,0,0,0
"1197","35u-13","42551",0,1,0,0
"1198","35u-15","42551",2,1,0,0
"1199","35u-16","42551",0,3,0,0
"1200","35u-17","42551",3,8,0,0
"1201","35u-18","42551",1,1,0,0
"1202","35u-19","42551",1,2,0,0
"1203","70j-11","42551",0,3,0,0
"1204","70j-12","42551",0,0,0,3
"1205","70j-13","42551",0,2,0,0
"1206","70j-14","42551",0,1,0,0
"1207","70j-15","42551",1,3,0,0
"1208","70j-16","42551",4,10,0,0
"1209","70j-17","42551",2,0,0,0
"1210","70j-19","42551",0,4,0,0
"1211","71k-11","42551",1,4,0,0
"1212","71k-12","42551",3,6,0,0
"1213","71k-13","42551",1,1,0,0
"1214","71k-14","42551",0,1,0,0
"1215","71k-15","42551",0,3,0,0
"1216","71k-16","42551",0,9,0,0
"1217","71k-17","42551",1,8,0,0
"1218","71k-18","42551",0,12,0,0
"1219","71k-19","42551",0,1,0,0
"1220","75o-12","42551",0,2,0,0
"1221","75o-13","42551",0,4,0,0
"1222","75o-14","42551",0,1,0,0
"1223","75o-15","42551",0,4,0,0
"1224","75o-16","42551",1,3,0,0
"1225","75o-17","42551",0,0,0,0
"1226","75o-18","42551",0,0,0,0
"1227","75o-19","42551",1,0,0,0
"1228","GDH-11","42551",1,1,0,0
"1229","GDH-12","42551",0,1,0,0
"1230","GDH-13","42551",0,0,0,0
"1231","GDH-14","42551",0,0,0,0
"1232","GDH-15","42551",0,2,0,0
"1233","GDH-16","42551",0,0,0,0
"1234","GDH-17","42551",1,4,0,0
"1235","GDH-18","42551",0,3,0,0
"1236","GDH-19","42551",6,0,0,0
"1237","GNDH-11","42551",0,1,0,0
"1238","GNDH-12","42551",1,0,0,0
"1239","GNDH-13","42551",0,5,0,0
"1240","GNDH-14","42551",0,1,0,0
"1241","GNDH-15","42551",1,2,0,0
"1242","GNDH-16","42551",0,0,0,0
"1243","GNDH-17","42551",1,0,0,0
"1244","GNDH-18","42551",0,2,0,0
"1245","GNDH-19","42551",0,3,1,0
"1246","SDR-11","42551",0,0,0,0
"1247","SDR-12","42551",0,0,0,0
"1248","SDR-13","42551",0,0,0,0
"1249","SDR-14","42551",0,0,0,0
"1250","SDR-15","42551",0,0,0,0
"1251","SDR-16","42551",1,0,0,0
"1252","SDR-17","42551",0,2,0,0
"1253","SDR-18","42551",0,0,0,0
"1254","SDR-19","42551",0,0,0,0
"1255","PVEC-11","42551",0,0,0,0
"1256","PVEC-12","42551",0,0,0,0
"1257","PVEC-13","42551",0,4,0,0
"1258","PVEC-14","42551",0,0,0,0
"1259","PVEC-15","42551",0,1,0,0
"1260","PVEC-16","42551",0,0,0,0
"1261","PVEC-17","42551",0,0,0,0
"1262","PVEC-18","42551",0,0,0,0
"1263","PVEC-19","42551",0,0,0,0
"1264","Lgno-12","42551",1,0,0,0
"1265","Lgno-13","42551",0,0,0,0
"1266","Lgno-14","42551",0,0,0,0
"1267","Ax-13","42551",6,5,0,0
"1268","Ax-14","42551",0,3,0,0
"1269","Ax-16","42551",1,2,0,1
"1270","Ax-18","42551",1,1,0,0
"1271","Gno-11","42551",0,0,0,0
"1272","Gno-12","42551",0,0,0,0
"1273","Gno-13","42551",2,5,0,0
"1274","Gno-14","42551",2,4,0,0
"1275","Gno-15","42551",2,5,0,0
"1276","Gno-16","42551",0,4,0,0
"1277","Gno-17","42551",0,3,0,0
"1278","Gno-18","42551",2,8,0,0
"1279","Gno-19","42551",0,4,0,1
"1280","7636-11","42551",0,1,0,0
"1281","7636-12","42551",0,1,0,0
"1282","7636-14","42551",0,0,0,0
"1283","7636-15","42551",0,0,0,0
"1284","7636-16","42551",1,1,0,0
"1285","7636-17","42551",0,0,0,0
"1286","7636-19","42551",0,0,0,0
"1287","10862-11","42551",0,0,0,0
"1288","10862-12","42551",0,0,0,0
"1289","10862-13","42551",1,1,0,0
"1290","10862-14","42551",0,0,0,0
"1291","10862-15","42551",1,2,0,0
"1292","10862-16","42551",0,0,0,0
"1293","10862-17","42551",2,2,0,0
"1294","10862-18","42551",0,0,0,0
"1295","10862-19","42551",0,0,0,0
"1296","1a-11","42552",2,3,0,0
"1297","1a-14","42552",5,8,0,1
"1298","1a-15","42552",0,1,0,0
"1299","1a-16","42552",0,0,0,0
"1300","1a-17","42552",0,0,0,0
"1301","1a-18","42552",2,3,0,0
"1302","1a-19","42552",2,4,0,0
"1303","2b-11","42552",0,0,0,0
"1304","2b-12","42552",0,0,0,0
"1305","2b-13","42552",1,1,0,2
"1306","2b-15","42552",0,3,0,0
"1307","2b-17","42552",0,1,0,0
"1308","2b-18","42552",1,1,0,1
"1309","2b-19","42552",1,2,0,0
"1310","3c-11","42552",0,2,0,0
"1311","3c-12","42552",3,0,0,0
"1312","3c-13","42552",0,0,0,0
"1313","3c-14","42552",0,0,0,0
"1314","3c-15","42552",1,0,0,1
"1315","3c-16","42552",1,0,0,0
"1316","3c-18","42552",1,1,0,0
"1317","3c-19","42552",1,0,0,0
"1318","4d-11","42552",1,1,0,0
"1319","4d-12","42552",0,0,0,0
"1320","4d-13","42552",0,0,0,0
"1321","4d-14","42552",0,0,0,0
"1322","4d-15","42552",0,0,0,0
"1323","4d-16","42552",0,1,0,0
"1324","4d-17","42552",2,5,1,0
"1325","4d-18","42552",0,2,0,0
"1326","4d-19","42552",4,1,0,0
"1327","11c-11","42552",3,3,0,0
"1328","11c-12","42552",0,0,0,0
"1329","11c-13","42552",1,2,1,1
"1330","11c-14","42552",1,2,0,0
"1331","11c-15","42552",2,16,2,1
"1332","11c-16","42552",1,13,0,0
"1333","11c-17","42552",4,1,0,0
"1334","11c-18","42552",4,10,1,2
"1335","11c-19","42552",0,0,1,0
"1336","13g-11","42552",0,0,0,0
"1337","13g-12","42552",0,0,0,0
"1338","13g-13","42552",3,0,0,2
"1339","13g-14","42552",0,0,0,0
"1340","13g-15","42552",0,0,0,0
"1341","13g-16","42552",2,0,0,0
"1342","13g-17","42552",1,1,0,0
"1343","13g-18","42552",0,1,0,1
"1344","13g-19","42552",2,0,0,0
"1345","15h-11","42552",0,1,0,0
"1346","15h-12","42552",2,0,0,0
"1347","15h-13","42552",0,2,0,0
"1348","15h-14","42552",0,0,0,0
"1349","15h-15","42552",0,0,0,0
"1350","15h-16","42552",1,0,0,0
"1351","15h-17","42552",0,0,0,0
"1352","15h-18","42552",0,0,0,0
"1353","15h-19","42552",0,0,0,0
"1354","16i-11","42552",0,4,0,0
"1355","16i-12","42552",1,4,0,0
"1356","16i-13","42552",0,1,0,0
"1357","16i-15","42552",1,1,0,1
"1358","16i-16","42552",2,0,0,0
"1359","16i-17","42552",3,6,0,2
"1360","16i-18","42552",1,4,0,0
"1361","16i-19","42552",0,2,1,0
"1362","28n-11","42552",4,1,0,0
"1363","28n-12","42552",0,2,0,0
"1364","28n-13","42552",3,6,0,2
"1365","28n-14","42552",2,2,0,0
"1366","28n-15","42552",1,4,0,0
"1367","28n-16","42552",0,5,0,0
"1368","28n-17","42552",0,0,0,0
"1369","28n-18","42552",0,4,0,0
"1370","28n-19","42552",0,0,0,0
"1371","30p-11","42552",0,1,0,0
"1372","30p-12","42552",0,0,0,0
"1373","30p-13","42552",1,0,0,0
"1374","30p-14","42552",0,0,0,0
"1375","30p-15","42552",1,0,1,0
"1376","30p-16","42552",0,1,0,0
"1377","30p-17","42552",0,1,0,0
"1378","30p-18","42552",0,0,0,0
"1379","30p-19","42552",0,0,0,0
"1380","35u-11","42552",0,1,0,0
"1381","35u-12","42552",0,0,0,0
"1382","35u-13","42552",4,11,0,0
"1383","35u-15","42552",2,0,1,0
"1384","35u-16","42552",2,1,0,0
"1385","35u-17","42552",0,1,0,0
"1386","35u-18","42552",0,0,0,0
"1387","35u-19","42552",1,1,0,0
"1388","70j-11","42552",0,0,0,1
"1389","70j-12","42552",0,2,0,0
"1390","70j-13","42552",1,5,0,0
"1391","70j-14","42552",0,2,0,1
"1392","70j-15","42552",0,1,0,0
"1393","70j-16","42552",2,7,1,3
"1394","70j-17","42552",0,1,0,0
"1395","70j-19","42552",0,0,0,0
"1396","71k-11","42552",0,0,0,0
"1397","71k-12","42552",0,0,0,0
"1398","71k-13","42552",0,0,0,0
"1399","71k-14","42552",0,0,0,0
"1400","71k-15","42552",0,1,0,0
"1401","71k-16","42552",1,0,0,0
"1402","71k-17","42552",0,2,0,0
"1403","71k-18","42552",1,0,0,0
"1404","71k-19","42552",0,2,0,0
"1405","75o-12","42552",0,1,0,0
"1406","75o-13","42552",1,0,0,0
"1407","75o-14","42552",1,0,0,0
"1408","75o-15","42552",2,1,0,0
"1409","75o-16","42552",0,2,0,0
"1410","75o-17","42552",0,0,0,0
"1411","75o-18","42552",0,0,0,0
"1412","75o-19","42552",0,0,0,0
"1413","GDH-11","42552",0,0,0,0
"1414","GDH-12","42552",0,2,0,0
"1415","GDH-13","42552",0,1,0,0
"1416","GDH-14","42552",0,0,0,0
"1417","GDH-15","42552",2,0,1,0
"1418","GDH-16","42552",1,0,0,0
"1419","GDH-17","42552",0,7,0,0
"1420","GDH-18","42552",0,2,0,0
"1421","GDH-19","42552",0,3,0,0
"1422","GNDH-11","42552",0,2,0,0
"1423","GNDH-12","42552",0,1,0,0
"1424","GNDH-13","42552",0,0,0,0
"1425","GNDH-14","42552",0,1,0,0
"1426","GNDH-15","42552",0,3,0,0
"1427","GNDH-16","42552",0,3,0,0
"1428","GNDH-17","42552",1,5,0,0
"1429","GNDH-18","42552",0,1,0,0
"1430","GNDH-19","42552",0,2,0,0
"1431","SDR-11","42552",0,0,0,0
"1432","SDR-12","42552",1,0,0,0
"1433","SDR-13","42552",0,3,0,0
"1434","SDR-14","42552",2,3,0,0
"1435","SDR-15","42552",0,0,0,0
"1436","SDR-16","42552",0,1,0,0
"1437","SDR-17","42552",0,0,0,0
"1438","SDR-18","42552",1,1,0,0
"1439","SDR-19","42552",2,0,0,1
"1440","PVEC-11","42552",0,0,0,0
"1441","PVEC-12","42552",0,0,0,0
"1442","PVEC-13","42552",1,1,0,0
"1443","PVEC-14","42552",1,0,0,0
"1444","PVEC-15","42552",1,7,0,0
"1445","PVEC-16","42552",3,3,0,0
"1446","PVEC-17","42552",0,2,0,0
"1447","PVEC-18","42552",0,0,0,0
"1448","PVEC-19","42552",0,1,0,0
"1449","Lgno-12","42552",1,0,0,0
"1450","Lgno-13","42552",0,0,0,0
"1451","Lgno-14","42552",0,0,0,0
"1452","Ax-13","42552",4,7,0,0
"1453","Ax-14","42552",1,2,0,0
"1454","Ax-16","42552",2,2,0,0
"1455","Ax-18","42552",2,1,0,0
"1456","Gno-11","42552",2,2,2,0
"1457","Gno-12","42552",0,3,0,0
"1458","Gno-13","42552",1,1,0,0
"1459","Gno-14","42552",3,3,0,0
"1460","Gno-15","42552",0,1,0,0
"1461","Gno-16","42552",0,0,0,0
"1462","Gno-17","42552",1,1,0,0
"1463","Gno-18","42552",7,6,0,0
"1464","Gno-19","42552",3,3,0,0
"1465","7636-11","42552",0,1,0,0
"1466","7636-12","42552",0,2,0,0
"1467","7636-14","42552",1,0,0,1
"1468","7636-15","42552",0,1,1,1
"1469","7636-16","42552",0,0,0,0
"1470","7636-17","42552",1,3,0,0
"1471","7636-19","42552",1,0,0,0
"1472","10862-11","42552",0,1,0,0
"1473","10862-12","42552",0,0,0,0
"1474","10862-13","42552",0,0,0,0
"1475","10862-14","42552",0,1,0,0
"1476","10862-15","42552",2,0,0,0
"1477","10862-16","42552",0,0,0,0
"1478","10862-17","42552",0,2,1,0
"1479","10862-18","42552",0,2,0,1
"1480","10862-19","42552",0,3,0,2
"1481","1a-11","42555",5,5,0,0
"1482","1a-14","42555",2,5,0,0
"1483","1a-15","42555",0,1,0,0
"1484","1a-16","42555",0,1,0,0
"1485","1a-17","42555",0,1,0,0
"1486","1a-18","42555",1,2,0,0
"1487","1a-19","42555",1,6,0,0
"1488","2b-11","42555",0,0,0,0
"1489","2b-12","42555",1,1,0,0
"1490","2b-13","42555",1,2,0,0
"1491","2b-15","42555",0,1,0,0
"1492","2b-17","42555",0,0,0,0
"1493","2b-18","42555",1,0,0,0
"1494","2b-19","42555",0,0,0,0
"1495","3c-11","42555",1,0,0,0
"1496","3c-12","42555",1,0,0,0
"1497","3c-13","42555",1,0,0,0
"1498","3c-14","42555",0,0,0,0
"1499","3c-15","42555",1,1,0,0
"1500","3c-16","42555",0,0,0,0
"1501","3c-18","42555",0,1,0,0
"1502","3c-19","42555",0,2,0,0
"1503","4d-11","42555",0,0,0,0
"1504","4d-12","42555",0,0,0,0
"1505","4d-13","42555",0,0,0,0
"1506","4d-14","42555",0,0,0,0
"1507","4d-15","42555",0,1,0,0
"1508","4d-16","42555",5,5,0,0
"1509","4d-17","42555",6,10,0,0
"1510","4d-18","42555",8,11,0,0
"1511","4d-19","42555",1,2,0,0
"1512","11c-11","42555",7,15,0,0
"1513","11c-12","42555",3,10,0,0
"1514","11c-13","42555",5,4,0,0
"1515","11c-14","42555",3,1,0,0
"1516","11c-15","42555",0,3,0,0
"1517","11c-16","42555",2,3,0,0
"1518","11c-17","42555",1,8,0,0
"1519","11c-18","42555",2,4,0,0
"1520","11c-19","42555",0,6,0,0
"1521","13g-11","42555",0,0,0,0
"1522","13g-12","42555",1,1,0,0
"1523","13g-13","42555",1,0,0,0
"1524","13g-14","42555",0,0,0,0
"1525","13g-15","42555",0,0,0,0
"1526","13g-16","42555",0,0,0,0
"1527","13g-17","42555",1,1,0,0
"1528","13g-18","42555",0,0,0,0
"1529","13g-19","42555",0,0,0,0
"1530","15h-11","42555",0,2,0,0
"1531","15h-12","42555",0,0,0,0
"1532","15h-13","42555",0,2,0,0
"1533","15h-14","42555",0,0,0,0
"1534","15h-15","42555",2,0,0,0
"1535","15h-16","42555",0,0,0,0
"1536","15h-17","42555",0,1,0,0
"1537","15h-18","42555",1,0,0,0
"1538","15h-19","42555",5,1,0,0
"1539","16i-11","42555",2,1,0,0
"1540","16i-12","42555",1,1,0,0
"1541","16i-13","42555",1,0,0,0
"1542","16i-15","42555",1,0,0,0
"1543","16i-16","42555",1,1,0,0
"1544","16i-17","42555",0,3,0,0
"1545","16i-18","42555",6,2,0,0
"1546","16i-19","42555",0,2,0,0
"1547","28n-11","42555",1,14,0,0
"1548","28n-12","42555",2,4,0,0
"1549","28n-13","42555",1,1,0,0
"1550","28n-14","42555",1,5,0,0
"1551","28n-15","42555",0,2,0,0
"1552","28n-16","42555",0,1,0,0
"1553","28n-17","42555",1,2,0,0
"1554","28n-18","42555",6,3,0,0
"1555","28n-19","42555",0,0,0,0
"1556","30p-11","42555",2,4,0,0
"1557","30p-12","42555",1,5,0,0
"1558","30p-13","42555",0,3,0,0
"1559","30p-14","42555",0,0,0,0
"1560","30p-15","42555",0,1,0,0
"1561","30p-16","42555",0,1,0,0
"1562","30p-17","42555",1,1,0,0
"1563","30p-18","42555",0,3,0,0
"1564","30p-19","42555",0,1,0,0
"1565","35u-11","42555",1,0,0,0
"1566","35u-12","42555",1,0,0,0
"1567","35u-13","42555",1,0,0,0
"1568","35u-15","42555",2,2,0,0
"1569","35u-16","42555",1,1,0,0
"1570","35u-17","42555",2,1,0,0
"1571","35u-18","42555",0,0,0,0
"1572","35u-19","42555",1,1,0,0
"1573","70j-11","42555",1,0,0,0
"1574","70j-12","42555",0,1,0,0
"1575","70j-13","42555",0,0,0,0
"1576","70j-14","42555",0,0,0,0
"1577","70j-15","42555",0,0,0,0
"1578","70j-16","42555",1,1,0,0
"1579","70j-17","42555",2,0,0,0
"1580","70j-19","42555",0,0,0,0
"1581","71k-11","42555",1,0,0,0
"1582","71k-12","42555",0,0,0,0
"1583","71k-13","42555",0,0,0,0
"1584","71k-14","42555",0,0,0,0
"1585","71k-15","42555",0,0,0,0
"1586","71k-16","42555",0,0,0,0
"1587","71k-17","42555",0,1,0,0
"1588","71k-18","42555",0,0,0,0
"1589","71k-19","42555",1,3,0,0
"1590","75o-12","42555",0,1,0,0
"1591","75o-13","42555",2,0,0,0
"1592","75o-14","42555",0,1,0,0
"1593","75o-15","42555",0,0,0,0
"1594","75o-16","42555",1,1,0,0
"1595","75o-17","42555",0,0,0,0
"1596","75o-18","42555",1,0,0,0
"1597","75o-19","42555",0,0,0,0
"1598","GDH-11","42555",1,1,0,0
"1599","GDH-12","42555",0,1,0,0
"1600","GDH-13","42555",0,3,0,0
"1601","GDH-14","42555",1,0,0,0
"1602","GDH-15","42555",0,0,0,0
"1603","GDH-16","42555",1,4,0,0
"1604","GDH-17","42555",1,0,0,0
"1605","GDH-18","42555",0,0,0,0
"1606","GDH-19","42555",0,0,0,0
"1607","GNDH-11","42555",0,2,0,0
"1608","GNDH-12","42555",1,2,0,0
"1609","GNDH-13","42555",0,2,0,0
"1610","GNDH-14","42555",0,2,0,0
"1611","GNDH-15","42555",1,0,0,0
"1612","GNDH-16","42555",0,1,0,0
"1613","GNDH-17","42555",0,3,0,0
"1614","GNDH-18","42555",1,4,0,0
"1615","GNDH-19","42555",0,3,0,0
"1616","SDR-11","42555",0,2,0,0
"1617","SDR-12","42555",0,3,0,0
"1618","SDR-13","42555",1,1,0,0
"1619","SDR-14","42555",1,2,0,0
"1620","SDR-15","42555",0,1,0,0
"1621","SDR-16","42555",0,0,0,0
"1622","SDR-17","42555",0,0,0,0
"1623","SDR-18","42555",0,0,0,0
"1624","SDR-19","42555",0,0,0,0
"1625","PVEC-11","42555",0,0,0,0
"1626","PVEC-12","42555",0,0,0,0
"1627","PVEC-13","42555",0,0,0,0
"1628","PVEC-14","42555",1,2,0,0
"1629","PVEC-15","42555",0,0,0,0
"1630","PVEC-16","42555",0,0,0,0
"1631","PVEC-17","42555",0,0,0,0
"1632","PVEC-18","42555",0,1,0,0
"1633","PVEC-19","42555",0,1,0,0
"1634","Lgno-12","42555",0,0,0,0
"1635","Lgno-13","42555",0,0,0,0
"1636","Lgno-14","42555",0,0,0,0
"1637","Ax-13","42555",0,0,0,0
"1638","Ax-14","42555",0,0,0,0
"1639","Ax-16","42555",2,0,0,0
"1640","Ax-18","42555",1,2,0,0
"1641","Gno-11","42555",0,1,0,0
"1642","Gno-12","42555",0,0,0,0
"1643","Gno-13","42555",0,0,0,0
"1644","Gno-14","42555",1,0,0,0
"1645","Gno-15","42555",0,0,0,0
"1646","Gno-16","42555",0,0,0,0
"1647","Gno-17","42555",0,0,0,0
"1648","Gno-18","42555",1,1,0,0
"1649","Gno-19","42555",0,1,0,0
"1650","7636-11","42555",2,2,0,0
"1651","7636-12","42555",1,0,0,0
"1652","7636-14","42555",0,1,0,0
"1653","7636-15","42555",0,1,0,0
"1654","7636-16","42555",0,0,0,0
"1655","7636-17","42555",0,5,0,0
"1656","7636-19","42555",2,2,0,0
"1657","10862-11","42555",1,4,0,0
"1658","10862-12","42555",1,0,0,0
"1659","10862-13","42555",3,1,0,0
"1660","10862-14","42555",1,1,0,0
"1661","10862-15","42555",0,1,0,0
"1662","10862-16","42555",0,0,0,0
"1663","10862-17","42555",0,1,0,0
"1664","10862-18","42555",1,0,0,0
"1665","10862-19","42555",0,0,0,0
"1666","1a-11","42556",0,0,0,0
"1667","1a-14","42556",0,0,0,0
"1668","1a-15","42556",0,0,0,0
"1669","1a-16","42556",0,1,0,0
"1670","1a-17","42556",0,0,0,0
"1671","1a-18","42556",0,1,0,0
"1672","1a-19","42556",0,0,0,0
"1673","2b-11","42556",0,0,0,0
"1674","2b-12","42556",0,1,0,0
"1675","2b-13","42556",0,0,0,0
"1676","2b-15","42556",0,0,0,0
"1677","2b-17","42556",0,0,0,0
"1678","2b-18","42556",0,0,0,0
"1679","2b-19","42556",0,0,0,0
"1680","3c-11","42556",1,0,0,0
"1681","3c-12","42556",0,0,0,0
"1682","3c-13","42556",0,0,0,0
"1683","3c-14","42556",0,0,0,0
"1684","3c-15","42556",0,0,0,0
"1685","3c-16","42556",0,0,0,0
"1686","3c-18","42556",0,0,0,0
"1687","3c-19","42556",0,1,0,0
"1688","4d-11","42556",0,0,0,0
"1689","4d-12","42556",0,0,0,0
"1690","4d-13","42556",0,0,0,0
"1691","4d-14","42556",0,0,0,0
"1692","4d-15","42556",0,0,0,0
"1693","4d-16","42556",0,0,0,0
"1694","4d-17","42556",3,0,0,0
"1695","4d-18","42556",0,2,0,0
"1696","4d-19","42556",0,1,0,0
"1697","11c-11","42556",0,0,0,0
"1698","11c-12","42556",0,1,0,0
"1699","11c-13","42556",0,0,0,0
"1700","11c-14","42556",0,0,0,0
"1701","11c-15","42556",0,0,0,0
"1702","11c-16","42556",0,0,0,0
"1703","11c-17","42556",0,0,0,0
"1704","11c-18","42556",0,0,0,0
"1705","11c-19","42556",0,0,0,0
"1706","13g-11","42556",0,0,0,0
"1707","13g-12","42556",0,0,0,0
"1708","13g-13","42556",0,0,0,0
"1709","13g-14","42556",0,0,0,0
"1710","13g-15","42556",0,0,0,0
"1711","13g-16","42556",0,0,0,0
"1712","13g-17","42556",0,0,0,0
"1713","13g-18","42556",0,0,0,0
"1714","13g-19","42556",0,0,0,0
"1715","15h-11","42556",0,1,0,0
"1716","15h-12","42556",0,0,0,0
"1717","15h-13","42556",0,0,0,0
"1718","15h-14","42556",1,0,0,0
"1719","15h-15","42556",0,0,0,0
"1720","15h-16","42556",0,0,0,0
"1721","15h-17","42556",0,1,0,0
"1722","15h-18","42556",0,1,0,0
"1723","15h-19","42556",0,0,0,0
"1724","16i-11","42556",1,0,0,0
"1725","16i-12","42556",0,2,0,2
"1726","16i-13","42556",1,0,0,0
"1727","16i-15","42556",1,1,0,0
"1728","16i-16","42556",0,0,0,0
"1729","16i-17","42556",0,1,0,0
"1730","16i-18","42556",1,1,0,0
"1731","16i-19","42556",0,0,0,0
"1732","28n-11","42556",1,0,0,0
"1733","28n-12","42556",0,0,0,0
"1734","28n-13","42556",0,0,0,0
"1735","28n-14","42556",1,1,0,0
"1736","28n-15","42556",0,0,0,0
"1737","28n-16","42556",0,0,0,0
"1738","28n-17","42556",0,1,0,0
"1739","28n-18","42556",0,0,0,0
"1740","28n-19","42556",1,0,0,0
"1741","30p-11","42556",1,0,0,0
"1742","30p-12","42556",0,1,0,0
"1743","30p-13","42556",0,1,0,0
"1744","30p-14","42556",0,0,0,0
"1745","30p-15","42556",0,0,0,0
"1746","30p-16","42556",0,0,0,0
"1747","30p-17","42556",0,0,0,0
"1748","30p-18","42556",0,0,0,0
"1749","30p-19","42556",0,0,0,0
"1750","35u-11","42556",0,0,0,0
"1751","35u-12","42556",0,1,0,0
"1752","35u-13","42556",0,0,0,0
"1753","35u-15","42556",2,4,0,0
"1754","35u-16","42556",0,2,0,0
"1755","35u-17","42556",0,0,0,0
"1756","35u-18","42556",0,0,0,0
"1757","35u-19","42556",0,0,0,0
"1758","70j-11","42556",0,0,0,0
"1759","70j-12","42556",2,0,0,0
"1760","70j-13","42556",1,0,0,0
"1761","70j-14","42556",1,0,0,0
"1762","70j-15","42556",0,0,0,0
"1763","70j-16","42556",1,0,0,0
"1764","70j-17","42556",0,0,0,0
"1765","70j-19","42556",1,1,0,0
"1766","71k-11","42556",0,0,0,0
"1767","71k-12","42556",0,0,0,0
"1768","71k-13","42556",0,0,0,0
"1769","71k-14","42556",1,0,0,0
"1770","71k-15","42556",0,0,0,0
"1771","71k-16","42556",0,1,0,0
"1772","71k-17","42556",0,0,0,0
"1773","71k-18","42556",0,0,0,0
"1774","71k-19","42556",0,0,0,0
"1775","75o-12","42556",0,0,0,0
"1776","75o-13","42556",0,0,0,0
"1777","75o-14","42556",0,0,0,0
"1778","75o-15","42556",1,0,0,0
"1779","75o-16","42556",0,0,0,0
"1780","75o-17","42556",0,0,0,0
"1781","75o-18","42556",0,0,0,0
"1782","75o-19","42556",0,0,0,0
"1783","GDH-11","42556",0,0,0,0
"1784","GDH-12","42556",0,0,0,0
"1785","GDH-13","42556",0,0,0,0
"1786","GDH-14","42556",0,0,0,0
"1787","GDH-15","42556",0,0,0,0
"1788","GDH-16","42556",0,0,0,0
"1789","GDH-17","42556",0,0,0,0
"1790","GDH-18","42556",0,1,0,0
"1791","GDH-19","42556",0,2,0,0
"1792","GNDH-11","42556",1,0,0,0
"1793","GNDH-12","42556",0,0,0,0
"1794","GNDH-13","42556",0,0,0,0
"1795","GNDH-14","42556",0,0,0,0
"1796","GNDH-15","42556",0,0,0,0
"1797","GNDH-16","42556",0,0,0,0
"1798","GNDH-17","42556",0,0,0,0
"1799","GNDH-18","42556",0,0,0,0
"1800","GNDH-19","42556",0,0,0,0
"1801","SDR-11","42556",0,0,0,0
"1802","SDR-12","42556",0,0,0,0
"1803","SDR-13","42556",1,1,0,0
"1804","SDR-14","42556",0,2,0,0
"1805","SDR-15","42556",0,0,0,0
"1806","SDR-16","42556",0,0,0,0
"1807","SDR-17","42556",0,1,0,0
"1808","SDR-18","42556",0,0,0,0
"1809","SDR-19","42556",0,0,0,0
"1810","PVEC-11","42556",0,0,0,0
"1811","PVEC-12","42556",0,0,0,0
"1812","PVEC-13","42556",0,0,0,0
"1813","PVEC-14","42556",0,0,0,0
"1814","PVEC-15","42556",0,1,0,0
"1815","PVEC-16","42556",0,0,0,0
"1816","PVEC-17","42556",0,0,0,0
"1817","PVEC-18","42556",0,0,0,0
"1818","PVEC-19","42556",0,0,0,0
"1819","Lgno-12","42556",0,0,0,0
"1820","Lgno-13","42556",0,0,0,0
"1821","Lgno-14","42556",0,0,0,0
"1822","Ax-13","42556",0,0,0,0
"1823","Ax-14","42556",0,0,0,0
"1824","Ax-16","42556",0,0,0,0
"1825","Ax-18","42556",0,0,0,0
"1826","Gno-11","42556",2,0,0,0
"1827","Gno-12","42556",2,1,0,0
"1828","Gno-13","42556",2,1,0,0
"1829","Gno-14","42556",0,0,0,0
"1830","Gno-15","42556",0,2,0,0
"1831","Gno-16","42556",0,1,0,0
"1832","Gno-17","42556",0,0,0,0
"1833","Gno-18","42556",2,1,0,0
"1834","Gno-19","42556",0,0,0,0
"1835","7636-11","42556",0,0,0,0
"1836","7636-12","42556",0,0,0,0
"1837","7636-14","42556",0,0,0,0
"1838","7636-15","42556",0,0,0,0
"1839","7636-16","42556",0,0,0,0
"1840","7636-17","42556",1,0,0,0
"1841","7636-19","42556",0,0,0,0
"1842","10862-11","42556",1,0,0,0
"1843","10862-12","42556",0,0,0,0
"1844","10862-13","42556",0,0,0,0
"1845","10862-14","42556",0,0,0,0
"1846","10862-15","42556",2,2,0,0
"1847","10862-16","42556",0,0,0,0
"1848","10862-17","42556",0,0,0,0
"1849","10862-18","42556",0,0,0,0
"1850","10862-19","42556",0,0,0,0
"1851","1a-11","42558",1,1,0,0
"1852","1a-14","42558",1,0,0,0
"1853","1a-15","42558",0,1,0,0
"1854","1a-16","42558",0,1,0,0
"1855","1a-17","42558",1,3,0,0
"1856","1a-18","42558",3,7,0,0
"1857","1a-19","42558",2,1,0,0
"1858","2b-11","42558",0,0,0,0
"1859","2b-12","42558",1,0,0,0
"1860","2b-13","42558",0,1,0,0
"1861","2b-15","42558",0,0,0,0
"1862","2b-17","42558",2,2,0,0
"1863","2b-18","42558",0,1,0,0
"1864","2b-19","42558",0,0,0,0
"1865","3c-11","42558",0,0,0,0
"1866","3c-12","42558",0,0,0,0
"1867","3c-13","42558",2,0,0,0
"1868","3c-14","42558",0,0,0,0
"1869","3c-15","42558",0,0,0,0
"1870","3c-16","42558",0,0,0,0
"1871","3c-18","42558",0,0,0,0
"1872","3c-19","42558",0,0,0,0
"1873","4d-11","42558",0,0,0,0
"1874","4d-12","42558",0,0,0,0
"1875","4d-13","42558",0,0,0,0
"1876","4d-14","42558",0,0,0,0
"1877","4d-15","42558",0,0,0,0
"1878","4d-16","42558",2,3,0,0
"1879","4d-17","42558",0,2,0,0
"1880","4d-18","42558",0,0,0,0
"1881","4d-19","42558",0,0,0,0
"1882","11c-11","42558",0,0,0,0
"1883","11c-12","42558",0,0,0,0
"1884","11c-13","42558",0,0,0,0
"1885","11c-14","42558",0,0,0,0
"1886","11c-15","42558",0,0,0,0
"1887","11c-16","42558",0,0,0,0
"1888","11c-17","42558",0,0,0,0
"1889","11c-18","42558",2,0,0,0
"1890","11c-19","42558",0,0,0,0
"1891","13g-11","42558",0,0,0,0
"1892","13g-12","42558",2,0,0,0
"1893","13g-13","42558",2,1,0,0
"1894","13g-14","42558",0,1,0,0
"1895","13g-15","42558",1,1,0,0
"1896","13g-16","42558",1,0,0,0
"1897","13g-17","42558",1,3,0,0
"1898","13g-18","42558",0,0,0,0
"1899","13g-19","42558",1,0,0,0
"1900","15h-11","42558",1,0,0,0
"1901","15h-12","42558",0,0,0,0
"1902","15h-13","42558",1,0,0,0
"1903","15h-14","42558",0,0,0,0
"1904","15h-15","42558",0,0,0,0
"1905","15h-16","42558",0,0,0,0
"1906","15h-17","42558",2,5,0,0
"1907","15h-18","42558",1,2,0,0
"1908","15h-19","42558",0,0,0,0
"1909","16i-11","42558",0,1,0,0
"1910","16i-12","42558",9,6,0,0
"1911","16i-13","42558",1,0,0,0
"1912","16i-15","42558",2,0,0,0
"1913","16i-16","42558",2,0,0,0
"1914","16i-17","42558",2,3,0,0
"1915","16i-18","42558",0,0,0,0
"1916","16i-19","42558",0,0,0,0
"1917","28n-11","42558",0,0,0,0
"1918","28n-12","42558",0,0,0,0
"1919","28n-13","42558",0,0,0,0
"1920","28n-14","42558",0,0,0,0
"1921","28n-15","42558",0,0,0,0
"1922","28n-16","42558",0,0,0,0
"1923","28n-17","42558",0,0,0,0
"1924","28n-18","42558",0,0,0,0
"1925","28n-19","42558",1,1,0,0
"1926","30p-11","42558",0,1,0,0
"1927","30p-12","42558",0,0,0,0
"1928","30p-13","42558",0,0,0,0
"1929","30p-14","42558",1,0,0,0
"1930","30p-15","42558",0,0,0,0
"1931","30p-16","42558",0,0,0,0
"1932","30p-17","42558",0,0,0,0
"1933","30p-18","42558",0,0,0,0
"1934","30p-19","42558",0,0,0,0
"1935","35u-11","42558",0,0,0,0
"1936","35u-12","42558",0,0,0,0
"1937","35u-13","42558",1,0,0,0
"1938","35u-15","42558",0,0,0,0
"1939","35u-16","42558",1,1,0,0
"1940","35u-17","42558",0,2,0,0
"1941","35u-18","42558",1,1,0,0
"1942","35u-19","42558",0,0,0,0
"1943","70j-11","42558",1,3,0,0
"1944","70j-12","42558",1,0,0,0
"1945","70j-13","42558",1,1,0,0
"1946","70j-14","42558",0,0,0,0
"1947","70j-15","42558",0,0,0,0
"1948","70j-16","42558",1,0,0,0
"1949","70j-17","42558",0,0,0,0
"1950","70j-19","42558",1,0,0,0
"1951","71k-11","42558",0,0,0,0
"1952","71k-12","42558",0,1,0,0
"1953","71k-13","42558",2,4,0,0
"1954","71k-14","42558",2,0,0,0
"1955","71k-15","42558",1,1,0,0
"1956","71k-16","42558",0,2,0,0
"1957","71k-17","42558",4,2,0,0
"1958","71k-18","42558",2,5,0,0
"1959","71k-19","42558",2,3,0,0
"1960","75o-12","42558",1,1,0,0
"1961","75o-13","42558",2,3,0,0
"1962","75o-14","42558",0,0,0,0
"1963","75o-15","42558",3,0,0,0
"1964","75o-16","42558",2,4,0,0
"1965","75o-17","42558",0,3,0,0
"1966","75o-18","42558",0,1,0,0
"1967","75o-19","42558",0,1,0,0
"1968","GDH-11","42558",0,0,0,0
"1969","GDH-12","42558",0,0,0,0
"1970","GDH-13","42558",0,0,0,0
"1971","GDH-14","42558",0,0,0,0
"1972","GDH-15","42558",0,0,0,0
"1973","GDH-16","42558",0,0,0,0
"1974","GDH-17","42558",0,0,0,0
"1975","GDH-18","42558",0,0,0,0
"1976","GDH-19","42558",0,1,0,0
"1977","GNDH-11","42558",2,1,0,0
"1978","GNDH-12","42558",0,0,0,0
"1979","GNDH-13","42558",0,0,0,0
"1980","GNDH-14","42558",0,0,0,0
"1981","GNDH-15","42558",0,0,0,0
"1982","GNDH-16","42558",0,0,0,0
"1983","GNDH-17","42558",0,0,0,0
"1984","GNDH-18","42558",1,2,0,0
"1985","GNDH-19","42558",0,0,0,0
"1986","SDR-11","42558",0,0,0,0
"1987","SDR-12","42558",1,1,0,0
"1988","SDR-13","42558",0,1,0,0
"1989","SDR-14","42558",0,0,0,0
"1990","SDR-15","42558",0,0,0,0
"1991","SDR-16","42558",0,0,0,0
"1992","SDR-17","42558",0,0,0,0
"1993","SDR-18","42558",0,1,0,0
"1994","SDR-19","42558",0,0,0,0
"1995","PVEC-11","42558",0,0,0,0
"1996","PVEC-12","42558",0,0,0,0
"1997","PVEC-13","42558",0,0,0,0
"1998","PVEC-14","42558",0,1,0,0
"1999","PVEC-15","42558",0,0,0,0
"2000","PVEC-16","42558",0,1,0,0
"2001","PVEC-17","42558",0,0,0,0
"2002","PVEC-18","42558",0,0,0,0
"2003","PVEC-19","42558",0,1,0,0
"2004","Lgno-12","42558",0,0,0,0
"2005","Lgno-13","42558",0,0,0,0
"2006","Lgno-14","42558",0,0,0,0
"2007","Ax-13","42558",0,0,0,0
"2008","Ax-14","42558",0,1,0,0
"2009","Ax-16","42558",1,1,0,0
"2010","Ax-18","42558",0,0,0,0
"2011","Gno-11","42558",0,1,0,0
"2012","Gno-12","42558",0,2,0,0
"2013","Gno-13","42558",6,4,0,0
"2014","Gno-14","42558",1,3,0,0
"2015","Gno-15","42558",0,0,0,0
"2016","Gno-16","42558",0,1,0,0
"2017","Gno-17","42558",1,0,0,0
"2018","Gno-18","42558",0,0,0,0
"2019","Gno-19","42558",0,0,0,0
"2020","7636-11","42558",2,2,0,0
"2021","7636-12","42558",3,1,0,0
"2022","7636-14","42558",0,0,0,0
"2023","7636-15","42558",0,0,0,0
"2024","7636-16","42558",1,0,0,0
"2025","7636-17","42558",0,1,0,0
"2026","7636-19","42558",0,0,0,0
"2027","10862-11","42558",0,0,0,0
"2028","10862-12","42558",0,0,0,0
"2029","10862-13","42558",0,0,0,0
"2030","10862-14","42558",0,0,0,0
"2031","10862-15","42558",0,1,0,0
"2032","10862-16","42558",0,0,0,0
"2033","10862-17","42558",1,0,0,0
"2034","10862-18","42558",1,1,0,0
"2035","10862-19","42558",0,0,0,0
"2036","1a-11","42559",0,0,0,0
"2037","1a-14","42559",0,0,0,0
"2038","1a-15","42559",0,0,0,0
"2039","1a-16","42559",1,1,0,0
"2040","1a-17","42559",0,0,0,0
"2041","1a-18","42559",0,0,0,0
"2042","1a-19","42559",1,0,0,0
"2043","2b-11","42559",0,0,0,0
"2044","2b-12","42559",0,0,0,0
"2045","2b-13","42559",0,0,0,0
"2046","2b-15","42559",0,0,0,0
"2047","2b-17","42559",0,0,0,0
"2048","2b-18","42559",0,0,0,0
"2049","2b-19","42559",0,0,0,0
"2050","3c-11","42559",0,0,0,0
"2051","3c-12","42559",0,0,0,0
"2052","3c-13","42559",0,0,0,0
"2053","3c-14","42559",0,1,0,0
"2054","3c-15","42559",0,0,0,0
"2055","3c-16","42559",0,0,0,0
"2056","3c-18","42559",1,0,0,0
"2057","3c-19","42559",0,0,0,0
"2058","4d-11","42559",0,0,0,0
"2059","4d-12","42559",1,0,0,0
"2060","4d-13","42559",1,0,0,0
"2061","4d-14","42559",0,0,0,0
"2062","4d-15","42559",0,0,0,0
"2063","4d-16","42559",2,1,0,0
"2064","4d-17","42559",1,0,0,0
"2065","4d-18","42559",0,2,0,0
"2066","4d-19","42559",0,0,0,0
"2067","11c-11","42559",2,1,0,0
"2068","11c-12","42559",2,0,0,0
"2069","11c-13","42559",0,0,0,0
"2070","11c-14","42559",0,0,0,0
"2071","11c-15","42559",0,1,0,0
"2072","11c-16","42559",1,0,0,0
"2073","11c-17","42559",0,4,0,0
"2074","11c-18","42559",1,1,0,0
"2075","11c-19","42559",1,1,0,0
"2076","13g-11","42559",0,0,0,0
"2077","13g-12","42559",0,0,0,0
"2078","13g-13","42559",0,0,0,0
"2079","13g-14","42559",0,0,0,0
"2080","13g-15","42559",0,0,0,0
"2081","13g-16","42559",0,0,0,0
"2082","13g-17","42559",0,0,0,0
"2083","13g-18","42559",0,0,0,0
"2084","13g-19","42559",0,0,0,0
"2085","15h-11","42559",0,0,0,0
"2086","15h-12","42559",0,0,0,0
"2087","15h-13","42559",0,0,0,0
"2088","15h-14","42559",0,0,0,0
"2089","15h-15","42559",0,0,0,0
"2090","15h-16","42559",0,0,0,0
"2091","15h-17","42559",0,0,0,0
"2092","15h-18","42559",0,0,0,0
"2093","15h-19","42559",0,0,0,0
"2094","16i-11","42559",0,0,0,0
"2095","16i-12","42559",0,0,0,0
"2096","16i-13","42559",0,0,0,0
"2097","16i-15","42559",0,0,0,0
"2098","16i-16","42559",0,0,0,0
"2099","16i-17","42559",0,0,0,0
"2100","16i-18","42559",0,0,0,0
"2101","16i-19","42559",0,0,0,0
"2102","28n-11","42559",0,0,0,0
"2103","28n-12","42559",1,0,0,0
"2104","28n-13","42559",0,1,0,0
"2105","28n-14","42559",0,0,0,0
"2106","28n-15","42559",3,1,0,0
"2107","28n-16","42559",1,0,0,0
"2108","28n-17","42559",2,1,0,0
"2109","28n-18","42559",0,0,0,0
"2110","28n-19","42559",0,0,0,0
"2111","30p-11","42559",0,0,0,0
"2112","30p-12","42559",0,0,0,0
"2113","30p-13","42559",0,0,0,0
"2114","30p-14","42559",0,0,0,0
"2115","30p-15","42559",1,0,0,0
"2116","30p-16","42559",1,1,0,0
"2117","30p-17","42559",0,0,0,0
"2118","30p-18","42559",0,0,0,0
"2119","30p-19","42559",1,0,0,0
"2120","35u-11","42559",0,0,0,0
"2121","35u-12","42559",1,0,0,0
"2122","35u-13","42559",1,2,0,0
"2123","35u-15","42559",0,0,0,0
"2124","35u-16","42559",0,0,0,0
"2125","35u-17","42559",0,0,0,0
"2126","35u-18","42559",0,0,0,0
"2127","35u-19","42559",0,0,0,0
"2128","70j-11","42559",1,0,0,0
"2129","70j-12","42559",0,0,0,0
"2130","70j-13","42559",0,0,0,0
"2131","70j-14","42559",0,0,0,0
"2132","70j-15","42559",0,1,0,0
"2133","70j-16","42559",0,0,0,0
"2134","70j-17","42559",1,1,0,0
"2135","70j-19","42559",1,0,0,0
"2136","71k-11","42559",0,0,0,0
"2137","71k-12","42559",0,0,0,0
"2138","71k-13","42559",0,0,0,0
"2139","71k-14","42559",0,0,0,0
"2140","71k-15","42559",1,0,0,0
"2141","71k-16","42559",0,0,0,0
"2142","71k-17","42559",3,0,0,0
"2143","71k-18","42559",0,0,0,0
"2144","71k-19","42559",0,0,0,0
"2145","75o-12","42559",0,0,0,0
"2146","75o-13","42559",0,0,0,0
"2147","75o-14","42559",0,0,0,0
"2148","75o-15","42559",0,0,0,0
"2149","75o-16","42559",0,0,0,0
"2150","75o-17","42559",0,0,0,0
"2151","75o-18","42559",0,0,0,0
"2152","75o-19","42559",0,0,0,0
"2153","GDH-11","42559",0,0,0,0
"2154","GDH-12","42559",0,0,0,0
"2155","GDH-13","42559",0,0,0,0
"2156","GDH-14","42559",0,0,0,0
"2157","GDH-15","42559",0,0,0,0
"2158","GDH-16","42559",0,0,0,0
"2159","GDH-17","42559",0,0,0,0
"2160","GDH-18","42559",0,1,0,0
"2161","GDH-19","42559",0,0,0,0
"2162","GNDH-11","42559",0,1,0,0
"2163","GNDH-12","42559",0,0,0,0
"2164","GNDH-13","42559",0,0,0,0
"2165","GNDH-14","42559",0,1,0,0
"2166","GNDH-15","42559",0,0,0,0
"2167","GNDH-16","42559",0,0,0,0
"2168","GNDH-17","42559",0,0,0,0
"2169","GNDH-18","42559",0,0,0,0
"2170","GNDH-19","42559",0,0,0,0
"2171","SDR-11","42559",0,0,0,0
"2172","SDR-12","42559",0,0,0,0
"2173","SDR-13","42559",1,0,0,0
"2174","SDR-14","42559",0,0,0,0
"2175","SDR-15","42559",0,0,0,0
"2176","SDR-16","42559",0,0,0,0
"2177","SDR-17","42559",0,0,0,0
"2178","SDR-18","42559",0,0,0,0
"2179","SDR-19","42559",0,0,0,0
"2180","PVEC-11","42559",0,0,0,0
"2181","PVEC-12","42559",0,1,0,0
"2182","PVEC-13","42559",0,1,0,0
"2183","PVEC-14","42559",0,0,0,0
"2184","PVEC-15","42559",0,0,0,0
"2185","PVEC-16","42559",0,1,0,0
"2186","PVEC-17","42559",0,0,0,0
"2187","PVEC-18","42559",0,0,0,0
"2188","PVEC-19","42559",1,0,0,0
"2189","Lgno-12","42559",1,0,0,0
"2190","Lgno-13","42559",0,0,0,0
"2191","Lgno-14","42559",0,0,0,0
"2192","Ax-13","42559",0,0,0,0
"2193","Ax-14","42559",0,0,0,0
"2194","Ax-16","42559",0,0,0,0
"2195","Ax-18","42559",0,0,0,0
"2196","Gno-11","42559",0,0,0,0
"2197","Gno-12","42559",0,0,0,0
"2198","Gno-13","42559",1,1,0,0
"2199","Gno-14","42559",0,0,0,0
"2200","Gno-15","42559",0,0,0,0
"2201","Gno-16","42559",0,0,0,0
"2202","Gno-17","42559",0,0,0,0
"2203","Gno-18","42559",0,1,0,0
"2204","Gno-19","42559",0,0,0,0
"2205","7636-11","42559",0,0,0,0
"2206","7636-12","42559",0,0,0,0
"2207","7636-14","42559",0,0,0,0
"2208","7636-15","42559",0,0,0,0
"2209","7636-16","42559",0,0,0,0
"2210","7636-17","42559",1,2,0,0
"2211","7636-19","42559",0,0,0,0
"2212","10862-11","42559",0,0,0,0
"2213","10862-12","42559",2,0,0,0
"2214","10862-13","42559",0,1,0,0
"2215","10862-14","42559",0,0,0,0
"2216","10862-15","42559",0,0,0,0
"2217","10862-16","42559",0,0,0,0
"2218","10862-17","42559",0,0,0,0
"2219","10862-18","42559",0,0,0,0
"2220","10862-19","42559",0,1,0,0
"2221","1a-11","42562",0,0,0,0
"2222","1a-14","42562",0,0,0,0
"2223","1a-15","42562",0,1,0,0
"2224","1a-16","42562",0,0,0,0
"2225","1a-17","42562",0,0,0,0
"2226","1a-18","42562",0,0,0,0
"2227","1a-19","42562",0,0,0,0
"2228","2b-11","42562",0,0,0,0
"2229","2b-12","42562",0,2,0,0
"2230","2b-13","42562",0,0,0,0
"2231","2b-15","42562",0,0,0,0
"2232","2b-17","42562",0,0,0,0
"2233","2b-18","42562",0,0,0,0
"2234","2b-19","42562",0,0,0,0
"2235","3c-11","42562",0,0,0,0
"2236","3c-12","42562",2,1,0,0
"2237","3c-13","42562",0,1,0,0
"2238","3c-14","42562",0,0,0,0
"2239","3c-15","42562",0,0,0,0
"2240","3c-16","42562",0,0,0,0
"2241","3c-18","42562",1,0,0,0
"2242","3c-19","42562",0,0,0,0
"2243","4d-11","42562",0,0,0,0
"2244","4d-12","42562",0,1,0,0
"2245","4d-13","42562",0,0,0,0
"2246","4d-14","42562",0,1,0,0
"2247","4d-15","42562",0,0,0,0
"2248","4d-16","42562",1,0,0,0
"2249","4d-17","42562",0,0,0,0
"2250","4d-18","42562",0,0,0,0
"2251","4d-19","42562",0,0,0,0
"2252","11c-11","42562",1,0,0,0
"2253","11c-12","42562",0,0,0,0
"2254","11c-13","42562",0,0,0,0
"2255","11c-14","42562",0,0,0,0
"2256","11c-15","42562",0,1,0,0
"2257","11c-16","42562",0,0,0,0
"2258","11c-17","42562",1,1,0,0
"2259","11c-18","42562",0,0,0,0
"2260","11c-19","42562",0,0,0,0
"2261","13g-11","42562",0,0,0,0
"2262","13g-12","42562",2,3,0,0
"2263","13g-13","42562",0,0,0,0
"2264","13g-14","42562",0,0,0,0
"2265","13g-15","42562",0,0,0,0
"2266","13g-16","42562",0,0,0,0
"2267","13g-17","42562",1,1,0,0
"2268","13g-18","42562",0,0,0,0
"2269","13g-19","42562",0,0,0,0
"2270","15h-11","42562",0,0,0,0
"2271","15h-12","42562",0,1,0,0
"2272","15h-13","42562",0,0,0,0
"2273","15h-14","42562",0,0,0,0
"2274","15h-15","42562",0,0,0,0
"2275","15h-16","42562",0,0,0,0
"2276","15h-17","42562",0,0,0,0
"2277","15h-18","42562",0,0,0,0
"2278","15h-19","42562",0,1,0,0
"2279","16i-11","42562",2,0,0,0
"2280","16i-12","42562",0,1,0,0
"2281","16i-13","42562",1,1,0,0
"2282","16i-15","42562",2,1,0,0
"2283","16i-16","42562",0,0,0,0
"2284","16i-17","42562",0,1,0,0
"2285","16i-18","42562",0,0,0,0
"2286","16i-19","42562",1,1,0,0
"2287","28n-11","42562",0,0,0,0
"2288","28n-12","42562",0,0,0,0
"2289","28n-13","42562",0,0,0,0
"2290","28n-14","42562",1,0,0,0
"2291","28n-15","42562",1,0,0,0
"2292","28n-16","42562",0,0,0,0
"2293","28n-17","42562",0,0,0,0
"2294","28n-18","42562",0,0,0,0
"2295","28n-19","42562",1,0,0,0
"2296","30p-11","42562",1,0,0,0
"2297","30p-12","42562",0,0,0,0
"2298","30p-13","42562",0,0,0,0
"2299","30p-14","42562",1,1,0,0
"2300","30p-15","42562",0,0,0,0
"2301","30p-16","42562",0,0,0,0
"2302","30p-17","42562",1,0,0,0
"2303","30p-18","42562",0,1,0,0
"2304","30p-19","42562",0,0,0,0
"2305","35u-11","42562",0,0,0,0
"2306","35u-12","42562",0,0,0,0
"2307","35u-13","42562",0,0,0,0
"2308","35u-15","42562",1,0,0,0
"2309","35u-16","42562",1,0,0,0
"2310","35u-17","42562",1,0,0,0
"2311","35u-18","42562",0,0,0,0
"2312","35u-19","42562",0,0,0,0
"2313","70j-11","42562",1,0,0,0
"2314","70j-12","42562",1,2,0,0
"2315","70j-13","42562",0,0,0,0
"2316","70j-14","42562",0,0,0,0
"2317","70j-15","42562",0,0,0,0
"2318","70j-16","42562",1,1,0,0
"2319","70j-17","42562",0,0,0,0
"2320","70j-19","42562",0,0,0,0
"2321","71k-11","42562",0,0,0,0
"2322","71k-12","42562",0,0,0,0
"2323","71k-13","42562",0,0,0,0
"2324","71k-14","42562",0,0,0,0
"2325","71k-15","42562",0,0,0,0
"2326","71k-16","42562",1,0,0,0
"2327","71k-17","42562",1,0,0,0
"2328","71k-18","42562",0,0,0,0
"2329","71k-19","42562",0,0,0,0
"2330","75o-12","42562",0,0,0,0
"2331","75o-13","42562",0,0,0,0
"2332","75o-14","42562",0,0,0,0
"2333","75o-15","42562",0,0,0,0
"2334","75o-16","42562",0,0,0,0
"2335","75o-17","42562",0,0,0,0
"2336","75o-18","42562",0,0,0,0
"2337","75o-19","42562",0,0,0,0
"2338","GDH-11","42562",1,0,0,0
"2339","GDH-12","42562",0,0,0,0
"2340","GDH-13","42562",1,1,0,0
"2341","GDH-14","42562",0,1,0,0
"2342","GDH-15","42562",0,0,0,0
"2343","GDH-16","42562",0,0,0,0
"2344","GDH-17","42562",1,2,0,0
"2345","GDH-18","42562",1,4,0,0
"2346","GDH-19","42562",0,1,0,0
"2347","GNDH-11","42562",1,2,0,0
"2348","GNDH-12","42562",1,2,0,0
"2349","GNDH-13","42562",1,3,0,0
"2350","GNDH-14","42562",4,1,0,0
"2351","GNDH-15","42562",1,2,0,0
"2352","GNDH-16","42562",3,3,0,0
"2353","GNDH-17","42562",3,0,0,0
"2354","GNDH-18","42562",5,6,0,0
"2355","GNDH-19","42562",2,2,0,0
"2356","SDR-11","42562",1,0,0,0
"2357","SDR-12","42562",1,2,0,0
"2358","SDR-13","42562",0,2,0,0
"2359","SDR-14","42562",1,0,0,0
"2360","SDR-15","42562",1,0,0,0
"2361","SDR-16","42562",2,2,0,0
"2362","SDR-17","42562",1,2,0,0
"2363","SDR-18","42562",1,0,0,0
"2364","SDR-19","42562",0,4,0,0
"2365","PVEC-11","42562",2,3,0,0
"2366","PVEC-12","42562",5,2,0,0
"2367","PVEC-13","42562",4,6,0,0
"2368","PVEC-14","42562",2,4,0,0
"2369","PVEC-15","42562",6,1,0,0
"2370","PVEC-16","42562",5,2,0,0
"2371","PVEC-17","42562",5,5,0,0
"2372","PVEC-18","42562",3,2,0,0
"2373","PVEC-19","42562",3,4,0,0
"2374","Lgno-12","42562",0,0,0,0
"2375","Lgno-13","42562",0,1,0,0
"2376","Lgno-14","42562",0,0,0,0
"2377","Ax-13","42562",0,1,0,0
"2378","Ax-14","42562",0,0,0,0
"2379","Ax-16","42562",0,0,0,0
"2380","Ax-18","42562",0,0,0,0
"2381","Gno-11","42562",0,0,0,0
"2382","Gno-12","42562",1,0,0,0
"2383","Gno-13","42562",0,0,0,0
"2384","Gno-14","42562",0,0,0,0
"2385","Gno-15","42562",2,0,0,0
"2386","Gno-16","42562",0,1,0,0
"2387","Gno-17","42562",0,0,0,0
"2388","Gno-18","42562",0,0,0,0
"2389","Gno-19","42562",0,0,0,0
"2390","7636-11","42562",0,0,0,0
"2391","7636-12","42562",0,0,0,0
"2392","7636-14","42562",0,0,0,0
"2393","7636-15","42562",0,0,0,0
"2394","7636-16","42562",0,1,0,0
"2395","7636-17","42562",0,1,0,0
"2396","7636-19","42562",0,0,0,0
"2397","10862-11","42562",1,2,0,0
"2398","10862-12","42562",0,0,0,0
"2399","10862-13","42562",0,0,0,0
"2400","10862-14","42562",1,0,0,0
"2401","10862-15","42562",2,2,0,0
"2402","10862-16","42562",0,0,0,0
"2403","10862-17","42562",0,0,0,0
"2404","10862-18","42562",0,0,0,0
"2405","10862-19","42562",2,2,0,0
"2406","1a-11","42563",0,0,0,0
"2407","1a-14","42563",0,0,0,0
"2408","1a-15","42563",0,0,0,0
"2409","1a-16","42563",0,0,0,0
"2410","1a-17","42563",0,0,0,0
"2411","1a-18","42563",0,0,0,0
"2412","1a-19","42563",0,0,0,0
"2413","2b-11","42563",0,0,0,0
"2414","2b-12","42563",0,0,0,0
"2415","2b-13","42563",0,0,0,0
"2416","2b-15","42563",0,0,0,0
"2417","2b-17","42563",0,0,0,0
"2418","2b-18","42563",1,0,0,0
"2419","2b-19","42563",0,0,0,0
"2420","3c-11","42563",0,0,0,0
"2421","3c-12","42563",0,0,0,0
"2422","3c-13","42563",0,0,0,0
"2423","3c-14","42563",0,0,0,0
"2424","3c-15","42563",0,0,0,0
"2425","3c-16","42563",0,0,0,0
"2426","3c-18","42563",0,0,0,0
"2427","3c-19","42563",0,0,0,0
"2428","4d-11","42563",0,0,0,0
"2429","4d-12","42563",0,0,0,0
"2430","4d-13","42563",0,1,0,0
"2431","4d-14","42563",1,1,0,0
"2432","4d-15","42563",1,0,0,0
"2433","4d-16","42563",0,0,0,0
"2434","4d-17","42563",0,0,0,0
"2435","4d-18","42563",0,0,0,0
"2436","4d-19","42563",0,0,0,0
"2437","11c-11","42563",0,0,0,0
"2438","11c-12","42563",0,0,0,0
"2439","11c-13","42563",0,0,0,0
"2440","11c-14","42563",0,0,0,0
"2441","11c-15","42563",0,0,0,0
"2442","11c-16","42563",0,0,0,0
"2443","11c-17","42563",0,0,0,0
"2444","11c-18","42563",0,0,0,0
"2445","11c-19","42563",0,0,0,0
"2446","13g-11","42563",0,0,0,0
"2447","13g-12","42563",0,0,0,0
"2448","13g-13","42563",0,0,0,0
"2449","13g-14","42563",0,0,0,0
"2450","13g-15","42563",0,0,0,0
"2451","13g-16","42563",0,0,0,0
"2452","13g-17","42563",0,0,0,0
"2453","13g-18","42563",0,0,0,0
"2454","13g-19","42563",0,0,0,0
"2455","15h-11","42563",0,0,0,0
"2456","15h-12","42563",0,0,0,0
"2457","15h-13","42563",0,0,0,0
"2458","15h-14","42563",0,0,0,0
"2459","15h-15","42563",0,0,0,0
"2460","15h-16","42563",0,0,0,0
"2461","15h-17","42563",1,0,0,0
"2462","15h-18","42563",0,0,0,0
"2463","15h-19","42563",0,0,0,0
"2464","16i-11","42563",3,0,0,0
"2465","16i-12","42563",2,0,0,0
"2466","16i-13","42563",1,1,0,0
"2467","16i-15","42563",1,0,0,0
"2468","16i-16","42563",0,0,0,0
"2469","16i-17","42563",2,0,0,0
"2470","16i-18","42563",0,0,0,0
"2471","16i-19","42563",0,0,0,0
"2472","28n-11","42563",0,0,0,0
"2473","28n-12","42563",0,0,0,0
"2474","28n-13","42563",0,1,0,0
"2475","28n-14","42563",0,1,0,0
"2476","28n-15","42563",0,0,0,0
"2477","28n-16","42563",0,0,0,0
"2478","28n-17","42563",0,1,0,0
"2479","28n-18","42563",0,0,0,0
"2480","28n-19","42563",0,0,0,0
"2481","30p-11","42563",0,0,0,0
"2482","30p-12","42563",0,0,0,0
"2483","30p-13","42563",1,0,0,0
"2484","30p-14","42563",0,1,0,0
"2485","30p-15","42563",0,0,0,0
"2486","30p-16","42563",1,0,0,0
"2487","30p-17","42563",0,0,0,0
"2488","30p-18","42563",0,0,0,0
"2489","30p-19","42563",0,1,0,0
"2490","35u-11","42563",0,0,0,0
"2491","35u-12","42563",0,0,0,0
"2492","35u-13","42563",0,0,0,0
"2493","35u-15","42563",2,0,0,0
"2494","35u-16","42563",0,0,0,0
"2495","35u-17","42563",0,0,0,0
"2496","35u-18","42563",0,1,0,0
"2497","35u-19","42563",1,0,0,0
"2498","70j-11","42563",0,0,0,0
"2499","70j-12","42563",0,0,0,0
"2500","70j-13","42563",0,0,0,0
"2501","70j-14","42563",0,0,0,0
"2502","70j-15","42563",0,0,0,0
"2503","70j-16","42563",0,0,0,0
"2504","70j-17","42563",0,0,0,0
"2505","70j-19","42563",0,0,0,0
"2506","71k-11","42563",0,0,0,0
"2507","71k-12","42563",0,0,0,0
"2508","71k-13","42563",0,0,0,0
"2509","71k-14","42563",0,0,0,0
"2510","71k-15","42563",0,0,0,0
"2511","71k-16","42563",0,0,0,0
"2512","71k-17","42563",0,1,0,0
"2513","71k-18","42563",0,0,0,0
"2514","71k-19","42563",0,0,0,0
"2515","75o-12","42563",0,0,0,0
"2516","75o-13","42563",0,0,0,0
"2517","75o-14","42563",0,0,0,0
"2518","75o-15","42563",0,0,0,0
"2519","75o-16","42563",0,0,0,0
"2520","75o-17","42563",0,1,0,0
"2521","75o-18","42563",0,0,0,0
"2522","75o-19","42563",0,0,0,0
"2523","GDH-11","42563",0,0,0,0
"2524","GDH-12","42563",0,0,0,0
"2525","GDH-13","42563",0,0,0,0
"2526","GDH-14","42563",2,2,0,0
"2527","GDH-15","42563",0,1,0,0
"2528","GDH-16","42563",0,1,0,0
"2529","GDH-17","42563",1,0,0,0
"2530","GDH-18","42563",1,2,0,0
"2531","GDH-19","42563",0,0,0,0
"2532","GNDH-11","42563",0,0,0,0
"2533","GNDH-12","42563",0,0,0,0
"2534","GNDH-13","42563",0,1,0,0
"2535","GNDH-14","42563",0,0,0,0
"2536","GNDH-15","42563",0,0,0,0
"2537","GNDH-16","42563",0,0,0,0
"2538","GNDH-17","42563",0,0,0,0
"2539","GNDH-18","42563",0,0,0,0
"2540","GNDH-19","42563",0,0,0,0
"2541","SDR-11","42563",0,2,0,0
"2542","SDR-12","42563",0,0,0,0
"2543","SDR-13","42563",0,1,0,0
"2544","SDR-14","42563",0,0,0,0
"2545","SDR-15","42563",0,0,0,0
"2546","SDR-16","42563",0,0,0,0
"2547","SDR-17","42563",0,0,0,0
"2548","SDR-18","42563",1,1,0,0
"2549","SDR-19","42563",0,0,0,0
"2550","PVEC-11","42563",0,0,0,0
"2551","PVEC-12","42563",0,0,0,0
"2552","PVEC-13","42563",0,0,0,0
"2553","PVEC-14","42563",0,0,0,0
"2554","PVEC-15","42563",0,0,0,0
"2555","PVEC-16","42563",0,0,0,0
"2556","PVEC-17","42563",0,0,0,0
"2557","PVEC-18","42563",0,0,0,0
"2558","PVEC-19","42563",0,2,0,0
"2559","Lgno-12","42563",0,0,0,0
"2560","Lgno-13","42563",0,0,0,0
"2561","Lgno-14","42563",0,0,0,0
"2562","Ax-13","42563",0,0,0,0
"2563","Ax-14","42563",0,0,0,0
"2564","Ax-16","42563",0,0,0,0
"2565","Ax-18","42563",0,0,0,0
"2566","Gno-11","42563",0,1,0,0
"2567","Gno-12","42563",0,0,0,0
"2568","Gno-13","42563",0,0,0,0
"2569","Gno-14","42563",0,0,0,0
"2570","Gno-15","42563",0,0,0,0
"2571","Gno-16","42563",1,1,0,0
"2572","Gno-17","42563",0,0,0,0
"2573","Gno-18","42563",0,0,0,0
"2574","Gno-19","42563",0,0,0,0
"2575","7636-11","42563",0,0,0,0
"2576","7636-12","42563",0,0,0,0
"2577","7636-14","42563",0,0,0,0
"2578","7636-15","42563",0,0,0,0
"2579","7636-16","42563",0,0,0,0
"2580","7636-17","42563",0,0,0,0
"2581","7636-19","42563",0,0,0,0
"2582","10862-11","42563",0,0,0,0
"2583","10862-12","42563",0,0,0,0
"2584","10862-13","42563",0,0,0,0
"2585","10862-14","42563",0,0,0,0
"2586","10862-15","42563",0,1,0,0
"2587","10862-16","42563",0,0,0,0
"2588","10862-17","42563",0,1,0,0
"2589","10862-18","42563",0,0,0,0
"2590","10862-19","42563",0,0,0,0
"2591","1a-11","42565",0,0,0,0
"2592","1a-14","42565",0,1,0,0
"2593","1a-15","42565",0,1,0,0
"2594","1a-16","42565",0,0,0,0
"2595","1a-17","42565",0,0,0,0
"2596","1a-18","42565",0,0,0,0
"2597","1a-19","42565",0,0,0,0
"2598","2b-11","42565",1,0,0,0
"2599","2b-12","42565",0,1,0,0
"2600","2b-13","42565",0,0,0,0
"2601","2b-15","42565",1,0,0,0
"2602","2b-17","42565",0,0,0,0
"2603","2b-18","42565",1,0,0,0
"2604","2b-19","42565",0,0,0,0
"2605","3c-11","42565",1,0,0,0
"2606","3c-12","42565",2,0,0,0
"2607","3c-13","42565",1,2,0,0
"2608","3c-14","42565",0,0,0,0
"2609","3c-15","42565",0,0,0,0
"2610","3c-16","42565",0,1,0,0
"2611","3c-18","42565",0,0,0,0
"2612","3c-19","42565",0,0,0,0
"2613","4d-11","42565",0,0,0,0
"2614","4d-12","42565",0,1,0,0
"2615","4d-13","42565",0,0,0,0
"2616","4d-14","42565",0,0,0,0
"2617","4d-15","42565",0,1,0,0
"2618","4d-16","42565",0,0,0,0
"2619","4d-17","42565",0,0,0,0
"2620","4d-18","42565",1,0,0,0
"2621","4d-19","42565",0,0,0,0
"2622","11c-11","42565",0,0,0,0
"2623","11c-12","42565",0,0,0,0
"2624","11c-13","42565",1,0,0,0
"2625","11c-14","42565",0,2,0,0
"2626","11c-15","42565",0,0,0,0
"2627","11c-16","42565",0,0,0,0
"2628","11c-17","42565",0,0,0,0
"2629","11c-18","42565",0,0,0,0
"2630","11c-19","42565",0,1,0,0
"2631","13g-11","42565",0,0,0,0
"2632","13g-12","42565",1,1,0,0
"2633","13g-13","42565",0,0,0,0
"2634","13g-14","42565",0,1,0,0
"2635","13g-15","42565",0,0,0,0
"2636","13g-16","42565",0,0,0,0
"2637","13g-17","42565",0,3,0,0
"2638","13g-18","42565",0,0,0,0
"2639","13g-19","42565",0,1,0,0
"2640","15h-11","42565",0,0,0,0
"2641","15h-12","42565",0,0,0,0
"2642","15h-13","42565",0,0,0,0
"2643","15h-14","42565",0,0,0,0
"2644","15h-15","42565",0,0,0,0
"2645","15h-16","42565",0,0,0,0
"2646","15h-17","42565",0,0,0,0
"2647","15h-18","42565",2,0,0,0
"2648","15h-19","42565",0,0,0,0
"2649","16i-11","42565",2,0,0,0
"2650","16i-12","42565",1,0,0,0
"2651","16i-13","42565",0,0,0,0
"2652","16i-15","42565",1,1,0,0
"2653","16i-16","42565",0,0,0,0
"2654","16i-17","42565",1,1,0,0
"2655","16i-18","42565",0,0,0,0
"2656","16i-19","42565",0,0,0,0
"2657","28n-11","42565",0,1,0,0
"2658","28n-12","42565",0,0,0,0
"2659","28n-13","42565",0,0,0,0
"2660","28n-14","42565",0,0,0,0
"2661","28n-15","42565",0,0,0,0
"2662","28n-16","42565",0,0,0,0
"2663","28n-17","42565",0,0,0,0
"2664","28n-18","42565",2,0,0,0
"2665","28n-19","42565",1,1,0,0
"2666","30p-11","42565",1,0,0,0
"2667","30p-12","42565",0,0,0,0
"2668","30p-13","42565",2,0,0,0
"2669","30p-14","42565",0,2,0,0
"2670","30p-15","42565",1,0,0,0
"2671","30p-16","42565",0,0,0,0
"2672","30p-17","42565",0,1,0,0
"2673","30p-18","42565",0,1,0,0
"2674","30p-19","42565",0,0,0,0
"2675","35u-11","42565",0,0,0,0
"2676","35u-12","42565",0,0,0,0
"2677","35u-13","42565",0,0,0,0
"2678","35u-15","42565",0,0,0,0
"2679","35u-16","42565",1,1,0,0
"2680","35u-17","42565",0,0,0,0
"2681","35u-18","42565",0,1,0,0
"2682","35u-19","42565",0,0,0,0
"2683","70j-11","42565",0,0,0,0
"2684","70j-12","42565",0,1,0,0
"2685","70j-13","42565",0,0,0,0
"2686","70j-14","42565",0,0,0,0
"2687","70j-15","42565",0,0,0,0
"2688","70j-16","42565",0,0,0,0
"2689","70j-17","42565",0,0,0,0
"2690","70j-19","42565",0,0,0,0
"2691","71k-11","42565",0,0,0,0
"2692","71k-12","42565",0,0,0,0
"2693","71k-13","42565",0,1,0,0
"2694","71k-14","42565",0,0,0,0
"2695","71k-15","42565",0,0,0,0
"2696","71k-16","42565",0,0,0,0
"2697","71k-17","42565",0,0,0,0
"2698","71k-18","42565",0,0,0,0
"2699","71k-19","42565",0,0,0,0
"2700","75o-12","42565",0,0,0,0
"2701","75o-13","42565",0,0,0,0
"2702","75o-14","42565",0,0,0,0
"2703","75o-15","42565",0,0,0,0
"2704","75o-16","42565",0,1,0,0
"2705","75o-17","42565",0,0,0,0
"2706","75o-18","42565",0,0,0,0
"2707","75o-19","42565",0,0,0,0
"2708","GDH-11","42565",2,4,1,0
"2709","GDH-12","42565",1,4,0,0
"2710","GDH-13","42565",5,2,0,0
"2711","GDH-14","42565",3,2,0,0
"2712","GDH-15","42565",1,2,0,0
"2713","GDH-16","42565",2,3,0,0
"2714","GDH-17","42565",0,3,0,0
"2715","GDH-18","42565",1,2,0,0
"2716","GDH-19","42565",4,2,0,0
"2717","GNDH-11","42565",0,6,0,0
"2718","GNDH-12","42565",3,6,0,0
"2719","GNDH-13","42565",1,2,0,0
"2720","GNDH-14","42565",1,1,0,0
"2721","GNDH-15","42565",2,5,0,0
"2722","GNDH-16","42565",4,4,0,0
"2723","GNDH-17","42565",2,1,0,0
"2724","GNDH-18","42565",3,4,0,0
"2725","GNDH-19","42565",0,0,0,0
"2726","SDR-11","42565",5,6,0,0
"2727","SDR-12","42565",4,7,0,0
"2728","SDR-13","42565",5,6,0,0
"2729","SDR-14","42565",0,1,0,0
"2730","SDR-15","42565",3,4,0,0
"2731","SDR-16","42565",2,1,0,0
"2732","SDR-17","42565",0,0,0,0
"2733","SDR-18","42565",1,1,0,0
"2734","SDR-19","42565",0,0,0,0
"2735","PVEC-11","42565",0,0,0,0
"2736","PVEC-12","42565",1,3,0,0
"2737","PVEC-13","42565",0,3,0,0
"2738","PVEC-14","42565",2,0,0,0
"2739","PVEC-15","42565",4,3,0,0
"2740","PVEC-16","42565",0,3,0,0
"2741","PVEC-17","42565",4,2,0,0
"2742","PVEC-18","42565",0,3,0,0
"2743","PVEC-19","42565",2,3,0,0
"2744","Lgno-12","42565",0,0,0,0
"2745","Lgno-13","42565",0,0,0,0
"2746","Lgno-14","42565",0,0,0,0
"2747","Ax-13","42565",0,0,0,0
"2748","Ax-14","42565",0,1,0,0
"2749","Ax-16","42565",0,0,0,0
"2750","Ax-18","42565",0,0,0,0
"2751","Gno-11","42565",0,2,0,0
"2752","Gno-12","42565",0,2,0,0
"2753","Gno-13","42565",0,2,0,0
"2754","Gno-14","42565",0,1,0,0
"2755","Gno-15","42565",1,0,0,0
"2756","Gno-16","42565",0,0,0,0
"2757","Gno-17","42565",0,0,0,0
"2758","Gno-18","42565",0,1,0,0
"2759","Gno-19","42565",1,0,0,0
"2760","7636-11","42565",0,0,0,0
"2761","7636-12","42565",0,0,0,0
"2762","7636-14","42565",0,0,0,0
"2763","7636-15","42565",0,0,0,0
"2764","7636-16","42565",0,0,0,0
"2765","7636-17","42565",0,1,0,0
"2766","7636-19","42565",0,0,0,0
"2767","10862-11","42565",0,0,0,0
"2768","10862-12","42565",0,0,0,0
"2769","10862-13","42565",1,0,0,0
"2770","10862-14","42565",0,0,0,0
"2771","10862-15","42565",2,0,0,0
"2772","10862-16","42565",0,0,0,0
"2773","10862-17","42565",0,0,0,0
"2774","10862-18","42565",0,0,0,0
"2775","10862-19","42565",0,0,0,0
"2776","1a-11","42566",0,0,22,1
"2777","1a-14","42566",0,0,19,7
"2778","1a-15","42566",0,0,22,10
"2779","1a-16","42566",0,0,17,10
"2780","1a-17","42566",0,0,6,8
"2781","1a-18","42566",0,0,17,13
"2782","1a-19","42566",0,0,23,11
"2783","2b-11","42566",0,0,4,13
"2784","2b-12","42566",0,0,12,9
"2785","2b-13","42566",0,0,9,9
"2786","2b-15","42566",0,0,26,12
"2787","2b-17","42566",0,0,12,9
"2788","2b-18","42566",0,0,21,17
"2789","2b-19","42566",0,0,17,10
"2790","3c-11","42566",0,0,17,18
"2791","3c-12","42566",0,0,8,13
"2792","3c-13","42566",0,0,13,1
"2793","3c-14","42566",0,0,12,1
"2794","3c-15","42566",0,0,10,16
"2795","3c-16","42566",0,0,14,3
"2796","3c-18","42566",0,0,20,19
"2797","3c-19","42566",0,0,22,4
"2798","4d-11","42566",0,0,12,5
"2799","4d-12","42566",0,0,10,1
"2800","4d-13","42566",0,0,6,5
"2801","4d-14","42566",0,0,10,13
"2802","4d-15","42566",0,0,8,1
"2803","4d-16","42566",0,0,14,10
"2804","4d-17","42566",0,0,26,5
"2805","4d-18","42566",0,0,15,20
"2806","4d-19","42566",0,0,12,9
"2807","11c-11","42566",0,0,7,4
"2808","11c-12","42566",0,0,6,8
"2809","11c-13","42566",0,0,2,6
"2810","11c-14","42566",0,0,13,0
"2811","11c-15","42566",0,0,8,5
"2812","11c-16","42566",0,0,10,3
"2813","11c-17","42566",0,0,3,2
"2814","11c-18","42566",0,0,10,13
"2815","11c-19","42566",0,0,6,15
"2816","13g-11","42566",0,0,12,17
"2817","13g-12","42566",0,0,16,12
"2818","13g-13","42566",0,0,15,12
"2819","13g-14","42566",0,0,21,27
"2820","13g-15","42566",0,0,7,10
"2821","13g-16","42566",0,0,9,9
"2822","13g-17","42566",0,0,23,18
"2823","13g-18","42566",0,0,18,11
"2824","13g-19","42566",0,0,15,28
"2825","15h-11","42566",0,0,16,19
"2826","15h-12","42566",0,0,15,10
"2827","15h-13","42566",0,0,17,17
"2828","15h-14","42566",0,0,16,15
"2829","15h-15","42566",0,0,7,17
"2830","15h-16","42566",0,0,11,21
"2831","15h-17","42566",0,0,23,28
"2832","15h-18","42566",0,0,27,20
"2833","15h-19","42566",0,0,6,7
"2834","16i-11","42566",0,0,14,1
"2835","16i-12","42566",0,0,6,0
"2836","16i-13","42566",0,0,4,0
"2837","16i-15","42566",0,0,3,2
"2838","16i-16","42566",0,0,0,0
"2839","16i-17","42566",0,0,19,3
"2840","16i-18","42566",0,0,0,0
"2841","16i-19","42566",0,0,4,0
"2842","28n-11","42566",0,0,4,11
"2843","28n-12","42566",0,0,7,10
"2844","28n-13","42566",0,0,7,11
"2845","28n-14","42566",0,0,10,4
"2846","28n-15","42566",0,0,22,12
"2847","28n-16","42566",0,0,19,9
"2848","28n-17","42566",0,0,11,17
"2849","28n-18","42566",0,0,12,6
"2850","28n-19","42566",0,0,12,22
"2851","30p-11","42566",0,0,19,8
"2852","30p-12","42566",0,0,16,4
"2853","30p-13","42566",0,0,9,10
"2854","30p-14","42566",0,0,9,24
"2855","30p-15","42566",0,0,13,1
"2856","30p-16","42566",0,0,7,7
"2857","30p-17","42566",0,0,13,5
"2858","30p-18","42566",0,0,9,8
"2859","30p-19","42566",0,0,9,3
"2860","35u-11","42566",0,0,9,20
"2861","35u-12","42566",0,0,12,13
"2862","35u-13","42566",0,0,18,8
"2863","35u-15","42566",0,0,12,12
"2864","35u-16","42566",0,0,27,13
"2865","35u-17","42566",0,0,16,11
"2866","35u-18","42566",0,0,7,0
"2867","35u-19","42566",0,0,7,5
"2868","70j-11","42566",0,0,22,15
"2869","70j-12","42566",0,0,12,5
"2870","70j-13","42566",0,0,18,26
"2871","70j-14","42566",0,0,17,18
"2872","70j-15","42566",0,0,20,9
"2873","70j-16","42566",0,0,17,16
"2874","70j-17","42566",0,0,15,9
"2875","70j-19","42566",0,0,13,10
"2876","71k-11","42566",0,0,14,10
"2877","71k-12","42566",0,0,6,3
"2878","71k-13","42566",0,0,11,13
"2879","71k-14","42566",0,0,7,13
"2880","71k-15","42566",0,0,14,13
"2881","71k-16","42566",0,0,14,8
"2882","71k-17","42566",0,0,18,1
"2883","71k-18","42566",0,0,14,3
"2884","71k-19","42566",0,0,19,12
"2885","75o-12","42566",0,0,11,11
"2886","75o-13","42566",0,0,14,16
"2887","75o-14","42566",0,0,18,25
"2888","75o-15","42566",0,0,12,7
"2889","75o-16","42566",0,0,21,7
"2890","75o-17","42566",0,0,15,22
"2891","75o-18","42566",0,0,17,21
"2892","75o-19","42566",0,0,14,14
"2893","GDH-11","42566",0,0,12,4
"2894","GDH-12","42566",0,0,24,19
"2895","GDH-13","42566",0,0,12,22
"2896","GDH-14","42566",0,0,7,16
"2897","GDH-15","42566",0,0,3,25
"2898","GDH-16","42566",0,0,22,25
"2899","GDH-17","42566",0,0,26,16
"2900","GDH-18","42566",0,0,20,5
"2901","GDH-19","42566",0,0,30,3
"2902","GNDH-11","42566",0,0,19,3
"2903","GNDH-12","42566",0,0,15,7
"2904","GNDH-13","42566",0,0,20,4
"2905","GNDH-14","42566",0,0,10,10
"2906","GNDH-15","42566",0,0,12,11
"2907","GNDH-16","42566",0,0,11,4
"2908","GNDH-17","42566",0,0,17,19
"2909","GNDH-18","42566",0,0,24,23
"2910","GNDH-19","42566",0,0,15,5
"2911","SDR-11","42566",0,0,3,12
"2912","SDR-12","42566",0,0,13,12
"2913","SDR-13","42566",0,0,14,14
"2914","SDR-14","42566",0,0,21,22
"2915","SDR-15","42566",0,0,19,26
"2916","SDR-16","42566",0,0,8,11
"2917","SDR-17","42566",0,0,13,4
"2918","SDR-18","42566",0,0,4,10
"2919","SDR-19","42566",0,0,11,7
"2920","PVEC-11","42566",0,0,3,14
"2921","PVEC-12","42566",0,0,8,18
"2922","PVEC-13","42566",0,0,23,21
"2923","PVEC-14","42566",0,0,14,11
"2924","PVEC-15","42566",0,0,24,11
"2925","PVEC-16","42566",0,0,14,16
"2926","PVEC-17","42566",0,0,8,14
"2927","PVEC-18","42566",0,0,2,8
"2928","PVEC-19","42566",0,0,22,22
"2929","Lgno-12","42566",0,0,2,2
"2930","Lgno-13","42566",0,0,0,4
"2931","Lgno-14","42566",0,0,3,2
"2932","Ax-13","42566",0,0,18,8
"2933","Ax-14","42566",0,0,19,18
"2934","Ax-16","42566",0,0,9,1
"2935","Ax-18","42566",0,0,17,23
"2936","Gno-11","42566",0,0,13,19
"2937","Gno-12","42566",0,0,5,11
"2938","Gno-13","42566",0,0,8,13
"2939","Gno-14","42566",0,0,20,2
"2940","Gno-15","42566",0,0,8,8
"2941","Gno-16","42566",0,0,8,12
"2942","Gno-17","42566",0,0,7,0
"2943","Gno-18","42566",0,0,22,6
"2944","Gno-19","42566",0,0,18,14
"2945","7636-11","42566",0,0,12,2
"2946","7636-12","42566",0,0,22,9
"2947","7636-14","42566",0,0,20,30
"2948","7636-15","42566",0,0,14,21
"2949","7636-16","42566",0,0,10,28
"2950","7636-17","42566",0,0,33,13
"2951","7636-19","42566",0,0,11,20
"2952","10862-11","42566",0,0,21,18
"2953","10862-12","42566",0,0,13,17
"2954","10862-13","42566",0,0,26,16
"2955","10862-14","42566",0,0,13,24
"2956","10862-15","42566",0,0,18,16
"2957","10862-16","42566",0,0,14,17
"2958","10862-17","42566",0,0,19,23
"2959","10862-18","42566",0,0,26,30
"2960","10862-19","42566",0,0,24,19
